condition,error_rate,event_key,frame,gt_id,horizon,p_correct,p_wrong,post_snapshot_digest,pre_snapshot_digest,repair_assertions,repair_current_track_id,repair_executable,repair_moved_count,repair_skip_reason,scene,skip_reason,target_correct_count,target_correct_rate,target_cross_view_consistency,target_cross_view_correct_id,target_cross_view_n_views,target_cross_view_same_id,target_error_rate,target_fragment_rate,target_n_visible_matched,target_not_observable,target_other_id_count,target_skip_reason,target_track_ids_json,target_view_track_ids_json,target_wrong_id_count,target_wrong_id_rate,total,view,wrong
SHAM,0.06666666666666667,00001garden|15|1|9,14,10,1,12,10,,,{},12,True,0,,00001garden,,1,1.0,,,1,,0.0,0.0,1,False,0,,[12],"{""0"": 12}",0,0.0,15,0,1
SHAM,0.07692307692307693,00001garden|15|1|9,14,10,2,12,10,,,{},12,True,0,,00001garden,,0,,,,0,,,,0,True,0,target_not_observable,[],{},0,,13,0,1
SHAM,0.07142857142857142,00001garden|15|1|9,14,10,3,12,10,,,{},12,True,0,,00001garden,,1,1.0,,,1,,0.0,0.0,1,False,0,,[12],"{""0"": 12}",0,0.0,14,0,1
SHAM,0.07142857142857142,00001garden|15|1|9,14,10,4,12,10,,,{},12,True,0,,00001garden,,0,,,,0,,,,0,True,0,target_not_observable,[],{},0,,14,0,1
SHAM,0.07142857142857142,00001garden|15|1|9,14,10,5,12,10,,,{},12,True,0,,00001garden,,0,,,,0,,,,0,True,0,target_not_observable,[],{},0,,14,0,1
SHAM,0.08333333333333333,00001garden|15|1|9,14,10,6,12,10,,,{},12,True,0,,00001garden,,0,,,,0,,,,0,True,0,target_not_observable,[],{},0,,12,0,1
SHAM,0.07692307692307693,00001garden|15|1|9,14,10,7,12,10,,,{},12,True,0,,00001garden,,0,,,,0,,,,0,True,0,target_not_observable,[],{},0,,13,0,1
SHAM,0.08333333333333333,00001garden|15|1|9,14,10,8,12,10,,,{},12,True,0,,00001garden,,0,,,,0,,,,0,True,0,target_not_observable,[],{},0,,12,0,1
SHAM,0.08333333333333333,00001garden|15|1|9,14,10,9,12,10,,,{},12,True,0,,00001garden,,0,,,,0,,,,0,True,0,target_not_observable,[],{},0,,12,0,1
SHAM,0.06666666666666667,00001garden|15|1|9,14,10,10,12,10,,,{},12,True,0,,00001garden,,1,1.0,,,1,,0.0,0.0,1,False,0,,[12],"{""0"": 12}",0,0.0,15,0,1
SHAM,0.07692307692307693,00001garden|15|1|9,14,10,11,12,10,,,{},12,True,0,,00001garden,,0,,,,0,,,,0,True,0,target_not_observable,[],{},0,,13,0,1
SHAM,0.06666666666666667,00001garden|15|1|9,14,10,12,12,10,,,{},12,True,0,,00001garden,,1,1.0,,,1,,0.0,0.0,1,False,0,,[12],"{""0"": 12}",0,0.0,15,0,1
SHAM,0.07142857142857142,00001garden|15|1|9,14,10,13,12,10,,,{},12,True,0,,00001garden,,0,,,,0,,,,0,True,0,target_not_observable,[],{},0,,14,0,1
SHAM,0.07142857142857142,00001garden|15|1|9,14,10,14,12,10,,,{},12,True,0,,00001garden,,0,,,,0,,,,0,True,0,target_not_observable,[],{},0,,14,0,1
SHAM,0.07142857142857142,00001garden|15|1|9,14,10,15,12,10,,,{},12,True,0,,00001garden,,0,,,,0,,,,0,True,0,target_not_observable,[],{},0,,14,0,1
SHAM,0.07142857142857142,00001garden|15|1|9,14,10,16,12,10,,,{},12,True,0,,00001garden,,0,,,,0,,,,0,True,0,target_not_observable,[],{},0,,14,0,1
SHAM,0.07142857142857142,00001garden|15|1|9,14,10,17,12,10,,,{},12,True,0,,00001garden,,0,,,,0,,,,0,True,0,target_not_observable,[],{},0,,14,0,1
SHAM,0.07142857142857142,00001garden|15|1|9,14,10,18,12,10,,,{},12,True,0,,00001garden,,0,,,,0,,,,0,True,0,target_not_observable,[],{},0,,14,0,1
SHAM,0.07142857142857142,00001garden|15|1|9,14,10,19,12,10,,,{},12,True,0,,00001garden,,0,,,,0,,,,0,True,0,target_not_observable,[],{},0,,14,0,1
SHAM,0.07142857142857142,00001garden|15|1|9,14,10,20,12,10,,,{},12,True,0,,00001garden,,0,,,,0,,,,0,True,0,target_not_observable,[],{},0,,14,0,1
C2c-INJECTION,0.06666666666666667,00001garden|15|1|9,14,10,1,12,10,,,{},10,True,0,,00001garden,,1,1.0,,,1,,0.0,0.0,1,False,0,,[12],"{""0"": 12}",0,0.0,15,0,1
C2c-INJECTION,0.07692307692307693,00001garden|15|1|9,14,10,2,12,10,,,{},10,True,0,,00001garden,,0,,,,0,,,,0,True,0,target_not_observable,[],{},0,,13,0,1
C2c-INJECTION,0.07142857142857142,00001garden|15|1|9,14,10,3,12,10,,,{},10,True,0,,00001garden,,1,1.0,,,1,,0.0,0.0,1,False,0,,[12],"{""0"": 12}",0,0.0,14,0,1
C2c-INJECTION,0.07142857142857142,00001garden|15|1|9,14,10,4,12,10,,,{},10,True,0,,00001garden,,0,,,,0,,,,0,True,0,target_not_observable,[],{},0,,14,0,1
C2c-INJECTION,0.07142857142857142,00001garden|15|1|9,14,10,5,12,10,,,{},10,True,0,,00001garden,,0,,,,0,,,,0,True,0,target_not_observable,[],{},0,,14,0,1
C2c-INJECTION,0.08333333333333333,00001garden|15|1|9,14,10,6,12,10,,,{},10,True,0,,00001garden,,0,,,,0,,,,0,True,0,target_not_observable,[],{},0,,12,0,1
C2c-INJECTION,0.07692307692307693,00001garden|15|1|9,14,10,7,12,10,,,{},10,True,0,,00001garden,,0,,,,0,,,,0,True,0,target_not_observable,[],{},0,,13,0,1
C2c-INJECTION,0.08333333333333333,00001garden|15|1|9,14,10,8,12,10,,,{},10,True,0,,00001garden,,0,,,,0,,,,0,True,0,target_not_observable,[],{},0,,12,0,1
C2c-INJECTION,0.08333333333333333,00001garden|15|1|9,14,10,9,12,10,,,{},10,True,0,,00001garden,,0,,,,0,,,,0,True,0,target_not_observable,[],{},0,,12,0,1
C2c-INJECTION,0.13333333333333333,00001garden|15|1|9,14,10,10,12,10,,,{},10,True,0,,00001garden,,1,1.0,,,1,,0.0,0.0,1,False,0,,[12],"{""0"": 12}",0,0.0,15,0,2
C2c-INJECTION,0.15384615384615385,00001garden|15|1|9,14,10,11,12,10,,,{},10,True,0,,00001garden,,0,,,,0,,,,0,True,0,target_not_observable,[],{},0,,13,0,2
C2c-INJECTION,0.13333333333333333,00001garden|15|1|9,14,10,12,12,10,,,{},10,True,0,,00001garden,,1,1.0,,,1,,0.0,0.0,1,False,0,,[12],"{""0"": 12}",0,0.0,15,0,2
C2c-INJECTION,0.14285714285714285,00001garden|15|1|9,14,10,13,12,10,,,{},10,True,0,,00001garden,,0,,,,0,,,,0,True,0,target_not_observable,[],{},0,,14,0,2
C2c-INJECTION,0.14285714285714285,00001garden|15|1|9,14,10,14,12,10,,,{},10,True,0,,00001garden,,0,,,,0,,,,0,True,0,target_not_observable,[],{},0,,14,0,2
C2c-INJECTION,0.14285714285714285,00001garden|15|1|9,14,10,15,12,10,,,{},10,True,0,,00001garden,,0,,,,0,,,,0,True,0,target_not_observable,[],{},0,,14,0,2
C2c-INJECTION,0.14285714285714285,00001garden|15|1|9,14,10,16,12,10,,,{},10,True,0,,00001garden,,0,,,,0,,,,0,True,0,target_not_observable,[],{},0,,14,0,2
C2c-INJECTION,0.07142857142857142,00001garden|15|1|9,14,10,17,12,10,,,{},10,True,0,,00001garden,,0,,,,0,,,,0,True,0,target_not_observable,[],{},0,,14,0,1
C2c-INJECTION,0.07142857142857142,00001garden|15|1|9,14,10,18,12,10,,,{},10,True,0,,00001garden,,0,,,,0,,,,0,True,0,target_not_observable,[],{},0,,14,0,1
C2c-INJECTION,0.07142857142857142,00001garden|15|1|9,14,10,19,12,10,,,{},10,True,0,,00001garden,,0,,,,0,,,,0,True,0,target_not_observable,[],{},0,,14,0,1
C2c-INJECTION,0.07142857142857142,00001garden|15|1|9,14,10,20,12,10,,,{},10,True,0,,00001garden,,0,,,,0,,,,0,True,0,target_not_observable,[],{},0,,14,0,1
_META,,00001garden|15|1|9,14,10,0,,,420e89b11a04f6179af709d293c7bbc4258cf239b67bc1a43d9fb3ffa06d66bd,99c02711d83368d77eb9e9bcf286220ff6156ce3ed5d1777c8539f1677e1b123,,,,,,00001garden,,,,,,,,,,,,,,,,,,,0,
SHAM,0.0,00001garden|122|1|7,121,9,1,37,9,,,{},37,True,0,,00001garden,,1,1.0,,,1,,0.0,0.0,1,False,0,,[37],"{""0"": 37}",0,0.0,16,0,0
SHAM,0.0,00001garden|122|1|7,121,9,2,37,9,,,{},37,True,0,,00001garden,,1,1.0,,,1,,0.0,0.0,1,False,0,,[37],"{""0"": 37}",0,0.0,16,0,0
SHAM,0.0,00001garden|122|1|7,121,9,3,37,9,,,{},37,True,0,,00001garden,,1,1.0,,,1,,0.0,0.0,1,False,0,,[37],"{""0"": 37}",0,0.0,15,0,0
SHAM,0.0,00001garden|122|1|7,121,9,4,37,9,,,{},37,True,0,,00001garden,,1,1.0,,,1,,0.0,0.0,1,False,0,,[37],"{""0"": 37}",0,0.0,16,0,0
SHAM,0.0,00001garden|122|1|7,121,9,5,37,9,,,{},37,True,0,,00001garden,,1,1.0,,,1,,0.0,0.0,1,False,0,,[37],"{""0"": 37}",0,0.0,16,0,0
SHAM,0.0,00001garden|122|1|7,121,9,6,37,9,,,{},37,True,0,,00001garden,,1,1.0,,,1,,0.0,0.0,1,False,0,,[37],"{""0"": 37}",0,0.0,16,0,0
SHAM,0.0,00001garden|122|1|7,121,9,7,37,9,,,{},37,True,0,,00001garden,,1,1.0,,,1,,0.0,0.0,1,False,0,,[37],"{""0"": 37}",0,0.0,16,0,0
SHAM,0.0,00001garden|122|1|7,121,9,8,37,9,,,{},37,True,0,,00001garden,,1,1.0,,,1,,0.0,0.0,1,False,0,,[37],"{""0"": 37}",0,0.0,16,0,0
SHAM,0.0,00001garden|122|1|7,121,9,9,37,9,,,{},37,True,0,,00001garden,,1,1.0,,,1,,0.0,0.0,1,False,0,,[37],"{""0"": 37}",0,0.0,16,0,0
SHAM,0.0,00001garden|122|1|7,121,9,10,37,9,,,{},37,True,0,,00001garden,,1,1.0,,,1,,0.0,0.0,1,False,0,,[37],"{""0"": 37}",0,0.0,16,0,0
SHAM,0.0,00001garden|122|1|7,121,9,11,37,9,,,{},37,True,0,,00001garden,,1,1.0,,,1,,0.0,0.0,1,False,0,,[37],"{""0"": 37}",0,0.0,16,0,0
SHAM,0.0,00001garden|122|1|7,121,9,12,37,9,,,{},37,True,0,,00001garden,,1,1.0,,,1,,0.0,0.0,1,False,0,,[37],"{""0"": 37}",0,0.0,16,0,0
SHAM,0.0,00001garden|122|1|7,121,9,13,37,9,,,{},37,True,0,,00001garden,,1,1.0,,,1,,0.0,0.0,1,False,0,,[37],"{""0"": 37}",0,0.0,16,0,0
SHAM,0.0,00001garden|122|1|7,121,9,14,37,9,,,{},37,True,0,,00001garden,,1,1.0,,,1,,0.0,0.0,1,False,0,,[37],"{""0"": 37}",0,0.0,16,0,0
SHAM,0.0,00001garden|122|1|7,121,9,15,37,9,,,{},37,True,0,,00001garden,,1,1.0,,,1,,0.0,0.0,1,False,0,,[37],"{""0"": 37}",0,0.0,16,0,0
SHAM,0.0,00001garden|122|1|7,121,9,16,37,9,,,{},37,True,0,,00001garden,,1,1.0,,,1,,0.0,0.0,1,False,0,,[37],"{""0"": 37}",0,0.0,16,0,0
SHAM,0.0,00001garden|122|1|7,121,9,17,37,9,,,{},37,True,0,,00001garden,,1,1.0,,,1,,0.0,0.0,1,False,0,,[37],"{""0"": 37}",0,0.0,16,0,0
SHAM,0.0,00001garden|122|1|7,121,9,18,37,9,,,{},37,True,0,,00001garden,,1,1.0,,,1,,0.0,0.0,1,False,0,,[37],"{""0"": 37}",0,0.0,16,0,0
SHAM,0.0,00001garden|122|1|7,121,9,19,37,9,,,{},37,True,0,,00001garden,,1,1.0,,,1,,0.0,0.0,1,False,0,,[37],"{""0"": 37}",0,0.0,16,0,0
SHAM,0.0,00001garden|122|1|7,121,9,20,37,9,,,{},37,True,0,,00001garden,,1,1.0,,,1,,0.0,0.0,1,False,0,,[37],"{""0"": 37}",0,0.0,16,0,0
C2c-INJECTION,0.0,00001garden|122|1|7,121,9,1,37,9,,,{},9,True,0,,00001garden,,1,1.0,,,1,,0.0,0.0,1,False,0,,[37],"{""0"": 37}",0,0.0,16,0,0
C2c-INJECTION,0.0,00001garden|122|1|7,121,9,2,37,9,,,{},9,True,0,,00001garden,,1,1.0,,,1,,0.0,0.0,1,False,0,,[37],"{""0"": 37}",0,0.0,16,0,0
C2c-INJECTION,0.0,00001garden|122|1|7,121,9,3,37,9,,,{},9,True,0,,00001garden,,1,1.0,,,1,,0.0,0.0,1,False,0,,[37],"{""0"": 37}",0,0.0,15,0,0
C2c-INJECTION,0.0,00001garden|122|1|7,121,9,4,37,9,,,{},9,True,0,,00001garden,,1,1.0,,,1,,0.0,0.0,1,False,0,,[37],"{""0"": 37}",0,0.0,16,0,0
C2c-INJECTION,0.0,00001garden|122|1|7,121,9,5,37,9,,,{},9,True,0,,00001garden,,1,1.0,,,1,,0.0,0.0,1,False,0,,[37],"{""0"": 37}",0,0.0,16,0,0
C2c-INJECTION,0.0,00001garden|122|1|7,121,9,6,37,9,,,{},9,True,0,,00001garden,,1,1.0,,,1,,0.0,0.0,1,False,0,,[37],"{""0"": 37}",0,0.0,16,0,0
C2c-INJECTION,0.0,00001garden|122|1|7,121,9,7,37,9,,,{},9,True,0,,00001garden,,1,1.0,,,1,,0.0,0.0,1,False,0,,[37],"{""0"": 37}",0,0.0,16,0,0
C2c-INJECTION,0.0,00001garden|122|1|7,121,9,8,37,9,,,{},9,True,0,,00001garden,,1,1.0,,,1,,0.0,0.0,1,False,0,,[37],"{""0"": 37}",0,0.0,16,0,0
C2c-INJECTION,0.0,00001garden|122|1|7,121,9,9,37,9,,,{},9,True,0,,00001garden,,1,1.0,,,1,,0.0,0.0,1,False,0,,[37],"{""0"": 37}",0,0.0,16,0,0
C2c-INJECTION,0.0,00001garden|122|1|7,121,9,10,37,9,,,{},9,True,0,,00001garden,,1,1.0,,,1,,0.0,0.0,1,False,0,,[37],"{""0"": 37}",0,0.0,16,0,0
C2c-INJECTION,0.0,00001garden|122|1|7,121,9,11,37,9,,,{},9,True,0,,00001garden,,1,1.0,,,1,,0.0,0.0,1,False,0,,[37],"{""0"": 37}",0,0.0,16,0,0
C2c-INJECTION,0.0,00001garden|122|1|7,121,9,12,37,9,,,{},9,True,0,,00001garden,,1,1.0,,,1,,0.0,0.0,1,False,0,,[37],"{""0"": 37}",0,0.0,16,0,0
C2c-INJECTION,0.0,00001garden|122|1|7,121,9,13,37,9,,,{},9,True,0,,00001garden,,1,1.0,,,1,,0.0,0.0,1,False,0,,[37],"{""0"": 37}",0,0.0,16,0,0
C2c-INJECTION,0.0,00001garden|122|1|7,121,9,14,37,9,,,{},9,True,0,,00001garden,,1,1.0,,,1,,0.0,0.0,1,False,0,,[37],"{""0"": 37}",0,0.0,16,0,0
C2c-INJECTION,0.0,00001garden|122|1|7,121,9,15,37,9,,,{},9,True,0,,00001garden,,1,1.0,,,1,,0.0,0.0,1,False,0,,[37],"{""0"": 37}",0,0.0,16,0,0
C2c-INJECTION,0.0,00001garden|122|1|7,121,9,16,37,9,,,{},9,True,0,,00001garden,,1,1.0,,,1,,0.0,0.0,1,False,0,,[37],"{""0"": 37}",0,0.0,16,0,0
C2c-INJECTION,0.0,00001garden|122|1|7,121,9,17,37,9,,,{},9,True,0,,00001garden,,1,1.0,,,1,,0.0,0.0,1,False,0,,[37],"{""0"": 37}",0,0.0,16,0,0
C2c-INJECTION,0.0,00001garden|122|1|7,121,9,18,37,9,,,{},9,True,0,,00001garden,,1,1.0,,,1,,0.0,0.0,1,False,0,,[37],"{""0"": 37}",0,0.0,16,0,0
C2c-INJECTION,0.0,00001garden|122|1|7,121,9,19,37,9,,,{},9,True,0,,00001garden,,1,1.0,,,1,,0.0,0.0,1,False,0,,[37],"{""0"": 37}",0,0.0,16,0,0
C2c-INJECTION,0.0,00001garden|122|1|7,121,9,20,37,9,,,{},9,True,0,,00001garden,,1,1.0,,,1,,0.0,0.0,1,False,0,,[37],"{""0"": 37}",0,0.0,16,0,0
_META,,00001garden|122|1|7,121,9,0,,,omitted_for_runtime,omitted_for_runtime,,,,,,00001garden,,,,,,,,,,,,,,,,,,,0,
SHAM,0.0,00001garden|125|1|0,124,5,1,7,9,,,{},7,True,0,,00001garden,,2,1.0,1.0,True,2,True,0.0,0.0,2,False,0,,"[7, 7]","{""0"": 7, ""1"": 7}",0,0.0,16,0,0
SHAM,0.0,00001garden|125|1|0,124,5,2,7,9,,,{},7,True,0,,00001garden,,2,1.0,1.0,True,2,True,0.0,0.0,2,False,0,,"[7, 7]","{""0"": 7, ""1"": 7}",0,0.0,16,0,0
SHAM,0.0,00001garden|125|1|0,124,5,3,7,9,,,{},7,True,0,,00001garden,,2,1.0,1.0,True,2,True,0.0,0.0,2,False,0,,"[7, 7]","{""0"": 7, ""1"": 7}",0,0.0,16,0,0
SHAM,0.0,00001garden|125|1|0,124,5,4,7,9,,,{},7,True,0,,00001garden,,2,1.0,1.0,True,2,True,0.0,0.0,2,False,0,,"[7, 7]","{""0"": 7, ""1"": 7}",0,0.0,16,0,0
SHAM,0.0,00001garden|125|1|0,124,5,5,7,9,,,{},7,True,0,,00001garden,,2,1.0,1.0,True,2,True,0.0,0.0,2,False,0,,"[7, 7]","{""0"": 7, ""1"": 7}",0,0.0,16,0,0
SHAM,0.0,00001garden|125|1|0,124,5,6,7,9,,,{},7,True,0,,00001garden,,2,1.0,1.0,True,2,True,0.0,0.0,2,False,0,,"[7, 7]","{""0"": 7, ""1"": 7}",0,0.0,16,0,0
SHAM,0.0,00001garden|125|1|0,124,5,7,7,9,,,{},7,True,0,,00001garden,,2,1.0,1.0,True,2,True,0.0,0.0,2,False,0,,"[7, 7]","{""0"": 7, ""1"": 7}",0,0.0,16,0,0
SHAM,0.0,00001garden|125|1|0,124,5,8,7,9,,,{},7,True,0,,00001garden,,2,1.0,1.0,True,2,True,0.0,0.0,2,False,0,,"[7, 7]","{""0"": 7, ""1"": 7}",0,0.0,16,0,0
SHAM,0.0,00001garden|125|1|0,124,5,9,7,9,,,{},7,True,0,,00001garden,,2,1.0,1.0,True,2,True,0.0,0.0,2,False,0,,"[7, 7]","{""0"": 7, ""1"": 7}",0,0.0,16,0,0
SHAM,0.0,00001garden|125|1|0,124,5,10,7,9,,,{},7,True,0,,00001garden,,2,1.0,1.0,True,2,True,0.0,0.0,2,False,0,,"[7, 7]","{""0"": 7, ""1"": 7}",0,0.0,16,0,0
SHAM,0.0,00001garden|125|1|0,124,5,11,7,9,,,{},7,True,0,,00001garden,,2,1.0,1.0,True,2,True,0.0,0.0,2,False,0,,"[7, 7]","{""0"": 7, ""1"": 7}",0,0.0,16,0,0
SHAM,0.0,00001garden|125|1|0,124,5,12,7,9,,,{},7,True,0,,00001garden,,2,1.0,1.0,True,2,True,0.0,0.0,2,False,0,,"[7, 7]","{""0"": 7, ""1"": 7}",0,0.0,16,0,0
SHAM,0.0,00001garden|125|1|0,124,5,13,7,9,,,{},7,True,0,,00001garden,,2,1.0,1.0,True,2,True,0.0,0.0,2,False,0,,"[7, 7]","{""0"": 7, ""1"": 7}",0,0.0,16,0,0
SHAM,0.0,00001garden|125|1|0,124,5,14,7,9,,,{},7,True,0,,00001garden,,2,1.0,1.0,True,2,True,0.0,0.0,2,False,0,,"[7, 7]","{""0"": 7, ""1"": 7}",0,0.0,16,0,0
SHAM,0.0,00001garden|125|1|0,124,5,15,7,9,,,{},7,True,0,,00001garden,,2,1.0,1.0,True,2,True,0.0,0.0,2,False,0,,"[7, 7]","{""0"": 7, ""1"": 7}",0,0.0,16,0,0
SHAM,0.0,00001garden|125|1|0,124,5,16,7,9,,,{},7,True,0,,00001garden,,2,1.0,1.0,True,2,True,0.0,0.0,2,False,0,,"[7, 7]","{""0"": 7, ""1"": 7}",0,0.0,16,0,0
SHAM,0.0,00001garden|125|1|0,124,5,17,7,9,,,{},7,True,0,,00001garden,,2,1.0,1.0,True,2,True,0.0,0.0,2,False,0,,"[7, 7]","{""0"": 7, ""1"": 7}",0,0.0,16,0,0
SHAM,0.0,00001garden|125|1|0,124,5,18,7,9,,,{},7,True,0,,00001garden,,2,1.0,1.0,True,2,True,0.0,0.0,2,False,0,,"[7, 7]","{""0"": 7, ""1"": 7}",0,0.0,16,0,0
SHAM,0.0,00001garden|125|1|0,124,5,19,7,9,,,{},7,True,0,,00001garden,,2,1.0,1.0,True,2,True,0.0,0.0,2,False,0,,"[7, 7]","{""0"": 7, ""1"": 7}",0,0.0,16,0,0
SHAM,0.0,00001garden|125|1|0,124,5,20,7,9,,,{},7,True,0,,00001garden,,2,1.0,1.0,True,2,True,0.0,0.0,2,False,0,,"[7, 7]","{""0"": 7, ""1"": 7}",0,0.0,16,0,0
C2c-INJECTION,0.0,00001garden|125|1|0,124,5,1,7,9,,,{},9,True,0,,00001garden,,2,1.0,1.0,True,2,True,0.0,0.0,2,False,0,,"[7, 7]","{""0"": 7, ""1"": 7}",0,0.0,16,0,0
C2c-INJECTION,0.0,00001garden|125|1|0,124,5,2,7,9,,,{},9,True,0,,00001garden,,2,1.0,1.0,True,2,True,0.0,0.0,2,False,0,,"[7, 7]","{""0"": 7, ""1"": 7}",0,0.0,16,0,0
C2c-INJECTION,0.0,00001garden|125|1|0,124,5,3,7,9,,,{},9,True,0,,00001garden,,2,1.0,1.0,True,2,True,0.0,0.0,2,False,0,,"[7, 7]","{""0"": 7, ""1"": 7}",0,0.0,16,0,0
C2c-INJECTION,0.0,00001garden|125|1|0,124,5,4,7,9,,,{},9,True,0,,00001garden,,2,1.0,1.0,True,2,True,0.0,0.0,2,False,0,,"[7, 7]","{""0"": 7, ""1"": 7}",0,0.0,16,0,0
C2c-INJECTION,0.0,00001garden|125|1|0,124,5,5,7,9,,,{},9,True,0,,00001garden,,2,1.0,1.0,True,2,True,0.0,0.0,2,False,0,,"[7, 7]","{""0"": 7, ""1"": 7}",0,0.0,16,0,0
C2c-INJECTION,0.0,00001garden|125|1|0,124,5,6,7,9,,,{},9,True,0,,00001garden,,2,1.0,1.0,True,2,True,0.0,0.0,2,False,0,,"[7, 7]","{""0"": 7, ""1"": 7}",0,0.0,16,0,0
C2c-INJECTION,0.0,00001garden|125|1|0,124,5,7,7,9,,,{},9,True,0,,00001garden,,2,1.0,1.0,True,2,True,0.0,0.0,2,False,0,,"[7, 7]","{""0"": 7, ""1"": 7}",0,0.0,16,0,0
C2c-INJECTION,0.0,00001garden|125|1|0,124,5,8,7,9,,,{},9,True,0,,00001garden,,2,1.0,1.0,True,2,True,0.0,0.0,2,False,0,,"[7, 7]","{""0"": 7, ""1"": 7}",0,0.0,16,0,0
C2c-INJECTION,0.0,00001garden|125|1|0,124,5,9,7,9,,,{},9,True,0,,00001garden,,2,1.0,1.0,True,2,True,0.0,0.0,2,False,0,,"[7, 7]","{""0"": 7, ""1"": 7}",0,0.0,16,0,0
C2c-INJECTION,0.0,00001garden|125|1|0,124,5,10,7,9,,,{},9,True,0,,00001garden,,2,1.0,1.0,True,2,True,0.0,0.0,2,False,0,,"[7, 7]","{""0"": 7, ""1"": 7}",0,0.0,16,0,0
C2c-INJECTION,0.0,00001garden|125|1|0,124,5,11,7,9,,,{},9,True,0,,00001garden,,2,1.0,1.0,True,2,True,0.0,0.0,2,False,0,,"[7, 7]","{""0"": 7, ""1"": 7}",0,0.0,16,0,0
C2c-INJECTION,0.0,00001garden|125|1|0,124,5,12,7,9,,,{},9,True,0,,00001garden,,2,1.0,1.0,True,2,True,0.0,0.0,2,False,0,,"[7, 7]","{""0"": 7, ""1"": 7}",0,0.0,16,0,0
C2c-INJECTION,0.0,00001garden|125|1|0,124,5,13,7,9,,,{},9,True,0,,00001garden,,2,1.0,1.0,True,2,True,0.0,0.0,2,False,0,,"[7, 7]","{""0"": 7, ""1"": 7}",0,0.0,16,0,0
C2c-INJECTION,0.0,00001garden|125|1|0,124,5,14,7,9,,,{},9,True,0,,00001garden,,2,1.0,1.0,True,2,True,0.0,0.0,2,False,0,,"[7, 7]","{""0"": 7, ""1"": 7}",0,0.0,16,0,0
C2c-INJECTION,0.0,00001garden|125|1|0,124,5,15,7,9,,,{},9,True,0,,00001garden,,2,1.0,1.0,True,2,True,0.0,0.0,2,False,0,,"[7, 7]","{""0"": 7, ""1"": 7}",0,0.0,16,0,0
C2c-INJECTION,0.0,00001garden|125|1|0,124,5,16,7,9,,,{},9,True,0,,00001garden,,2,1.0,1.0,True,2,True,0.0,0.0,2,False,0,,"[7, 7]","{""0"": 7, ""1"": 7}",0,0.0,16,0,0
C2c-INJECTION,0.0,00001garden|125|1|0,124,5,17,7,9,,,{},9,True,0,,00001garden,,2,1.0,1.0,True,2,True,0.0,0.0,2,False,0,,"[7, 7]","{""0"": 7, ""1"": 7}",0,0.0,16,0,0
C2c-INJECTION,0.0,00001garden|125|1|0,124,5,18,7,9,,,{},9,True,0,,00001garden,,2,1.0,1.0,True,2,True,0.0,0.0,2,False,0,,"[7, 7]","{""0"": 7, ""1"": 7}",0,0.0,16,0,0
C2c-INJECTION,0.0,00001garden|125|1|0,124,5,19,7,9,,,{},9,True,0,,00001garden,,2,1.0,1.0,True,2,True,0.0,0.0,2,False,0,,"[7, 7]","{""0"": 7, ""1"": 7}",0,0.0,16,0,0
C2c-INJECTION,0.0,00001garden|125|1|0,124,5,20,7,9,,,{},9,True,0,,00001garden,,2,1.0,1.0,True,2,True,0.0,0.0,2,False,0,,"[7, 7]","{""0"": 7, ""1"": 7}",0,0.0,16,0,0
_META,,00001garden|125|1|0,124,5,0,,,omitted_for_runtime,omitted_for_runtime,,,,,,00001garden,,,,,,,,,,,,,,,,,,,0,
SHAM,0.0,00001garden|125|1|6,124,14,1,1,9,,,{},1,True,0,,00001garden,,1,1.0,,,1,,0.0,0.0,1,False,0,,[1],"{""0"": 1}",0,0.0,16,0,0
SHAM,0.0,00001garden|125|1|6,124,14,2,1,9,,,{},1,True,0,,00001garden,,1,1.0,,,1,,0.0,0.0,1,False,0,,[1],"{""0"": 1}",0,0.0,16,0,0
SHAM,0.0,00001garden|125|1|6,124,14,3,1,9,,,{},1,True,0,,00001garden,,1,1.0,,,1,,0.0,0.0,1,False,0,,[1],"{""0"": 1}",0,0.0,16,0,0
SHAM,0.0,00001garden|125|1|6,124,14,4,1,9,,,{},1,True,0,,00001garden,,1,1.0,,,1,,0.0,0.0,1,False,0,,[1],"{""0"": 1}",0,0.0,16,0,0
SHAM,0.0,00001garden|125|1|6,124,14,5,1,9,,,{},1,True,0,,00001garden,,1,1.0,,,1,,0.0,0.0,1,False,0,,[1],"{""0"": 1}",0,0.0,16,0,0
SHAM,0.0,00001garden|125|1|6,124,14,6,1,9,,,{},1,True,0,,00001garden,,1,1.0,,,1,,0.0,0.0,1,False,0,,[1],"{""0"": 1}",0,0.0,16,0,0
SHAM,0.0,00001garden|125|1|6,124,14,7,1,9,,,{},1,True,0,,00001garden,,1,1.0,,,1,,0.0,0.0,1,False,0,,[1],"{""0"": 1}",0,0.0,16,0,0
SHAM,0.0,00001garden|125|1|6,124,14,8,1,9,,,{},1,True,0,,00001garden,,1,1.0,,,1,,0.0,0.0,1,False,0,,[1],"{""0"": 1}",0,0.0,16,0,0
SHAM,0.0,00001garden|125|1|6,124,14,9,1,9,,,{},1,True,0,,00001garden,,1,1.0,,,1,,0.0,0.0,1,False,0,,[1],"{""0"": 1}",0,0.0,16,0,0
SHAM,0.0,00001garden|125|1|6,124,14,10,1,9,,,{},1,True,0,,00001garden,,1,1.0,,,1,,0.0,0.0,1,False,0,,[1],"{""0"": 1}",0,0.0,16,0,0
SHAM,0.0,00001garden|125|1|6,124,14,11,1,9,,,{},1,True,0,,00001garden,,1,1.0,,,1,,0.0,0.0,1,False,0,,[1],"{""0"": 1}",0,0.0,16,0,0
SHAM,0.0,00001garden|125|1|6,124,14,12,1,9,,,{},1,True,0,,00001garden,,1,1.0,,,1,,0.0,0.0,1,False,0,,[1],"{""0"": 1}",0,0.0,16,0,0
SHAM,0.0,00001garden|125|1|6,124,14,13,1,9,,,{},1,True,0,,00001garden,,1,1.0,,,1,,0.0,0.0,1,False,0,,[1],"{""0"": 1}",0,0.0,16,0,0
SHAM,0.0,00001garden|125|1|6,124,14,14,1,9,,,{},1,True,0,,00001garden,,1,1.0,,,1,,0.0,0.0,1,False,0,,[1],"{""0"": 1}",0,0.0,16,0,0
SHAM,0.0,00001garden|125|1|6,124,14,15,1,9,,,{},1,True,0,,00001garden,,1,1.0,,,1,,0.0,0.0,1,False,0,,[1],"{""0"": 1}",0,0.0,16,0,0
SHAM,0.0,00001garden|125|1|6,124,14,16,1,9,,,{},1,True,0,,00001garden,,1,1.0,,,1,,0.0,0.0,1,False,0,,[1],"{""0"": 1}",0,0.0,16,0,0
SHAM,0.0,00001garden|125|1|6,124,14,17,1,9,,,{},1,True,0,,00001garden,,1,1.0,,,1,,0.0,0.0,1,False,0,,[1],"{""0"": 1}",0,0.0,16,0,0
SHAM,0.0,00001garden|125|1|6,124,14,18,1,9,,,{},1,True,0,,00001garden,,1,1.0,,,1,,0.0,0.0,1,False,0,,[1],"{""0"": 1}",0,0.0,16,0,0
SHAM,0.0,00001garden|125|1|6,124,14,19,1,9,,,{},1,True,0,,00001garden,,1,1.0,,,1,,0.0,0.0,1,False,0,,[1],"{""0"": 1}",0,0.0,16,0,0
SHAM,0.0,00001garden|125|1|6,124,14,20,1,9,,,{},1,True,0,,00001garden,,1,1.0,,,1,,0.0,0.0,1,False,0,,[1],"{""0"": 1}",0,0.0,16,0,0
C2c-INJECTION,0.0,00001garden|125|1|6,124,14,1,1,9,,,{},9,True,0,,00001garden,,1,1.0,,,1,,0.0,0.0,1,False,0,,[1],"{""0"": 1}",0,0.0,16,0,0
C2c-INJECTION,0.0,00001garden|125|1|6,124,14,2,1,9,,,{},9,True,0,,00001garden,,1,1.0,,,1,,0.0,0.0,1,False,0,,[1],"{""0"": 1}",0,0.0,16,0,0
C2c-INJECTION,0.0,00001garden|125|1|6,124,14,3,1,9,,,{},9,True,0,,00001garden,,1,1.0,,,1,,0.0,0.0,1,False,0,,[1],"{""0"": 1}",0,0.0,16,0,0
C2c-INJECTION,0.0,00001garden|125|1|6,124,14,4,1,9,,,{},9,True,0,,00001garden,,1,1.0,,,1,,0.0,0.0,1,False,0,,[1],"{""0"": 1}",0,0.0,16,0,0
C2c-INJECTION,0.0,00001garden|125|1|6,124,14,5,1,9,,,{},9,True,0,,00001garden,,1,1.0,,,1,,0.0,0.0,1,False,0,,[1],"{""0"": 1}",0,0.0,16,0,0
C2c-INJECTION,0.0,00001garden|125|1|6,124,14,6,1,9,,,{},9,True,0,,00001garden,,1,1.0,,,1,,0.0,0.0,1,False,0,,[1],"{""0"": 1}",0,0.0,16,0,0
C2c-INJECTION,0.0,00001garden|125|1|6,124,14,7,1,9,,,{},9,True,0,,00001garden,,1,1.0,,,1,,0.0,0.0,1,False,0,,[1],"{""0"": 1}",0,0.0,16,0,0
C2c-INJECTION,0.0,00001garden|125|1|6,124,14,8,1,9,,,{},9,True,0,,00001garden,,1,1.0,,,1,,0.0,0.0,1,False,0,,[1],"{""0"": 1}",0,0.0,16,0,0
C2c-INJECTION,0.0,00001garden|125|1|6,124,14,9,1,9,,,{},9,True,0,,00001garden,,1,1.0,,,1,,0.0,0.0,1,False,0,,[1],"{""0"": 1}",0,0.0,16,0,0
C2c-INJECTION,0.0,00001garden|125|1|6,124,14,10,1,9,,,{},9,True,0,,00001garden,,1,1.0,,,1,,0.0,0.0,1,False,0,,[1],"{""0"": 1}",0,0.0,16,0,0
C2c-INJECTION,0.0,00001garden|125|1|6,124,14,11,1,9,,,{},9,True,0,,00001garden,,1,1.0,,,1,,0.0,0.0,1,False,0,,[1],"{""0"": 1}",0,0.0,16,0,0
C2c-INJECTION,0.0,00001garden|125|1|6,124,14,12,1,9,,,{},9,True,0,,00001garden,,1,1.0,,,1,,0.0,0.0,1,False,0,,[1],"{""0"": 1}",0,0.0,16,0,0
C2c-INJECTION,0.0,00001garden|125|1|6,124,14,13,1,9,,,{},9,True,0,,00001garden,,1,1.0,,,1,,0.0,0.0,1,False,0,,[1],"{""0"": 1}",0,0.0,16,0,0
C2c-INJECTION,0.0,00001garden|125|1|6,124,14,14,1,9,,,{},9,True,0,,00001garden,,1,1.0,,,1,,0.0,0.0,1,False,0,,[1],"{""0"": 1}",0,0.0,16,0,0
C2c-INJECTION,0.0,00001garden|125|1|6,124,14,15,1,9,,,{},9,True,0,,00001garden,,1,1.0,,,1,,0.0,0.0,1,False,0,,[1],"{""0"": 1}",0,0.0,16,0,0
C2c-INJECTION,0.0,00001garden|125|1|6,124,14,16,1,9,,,{},9,True,0,,00001garden,,1,1.0,,,1,,0.0,0.0,1,False,0,,[1],"{""0"": 1}",0,0.0,16,0,0
C2c-INJECTION,0.0,00001garden|125|1|6,124,14,17,1,9,,,{},9,True,0,,00001garden,,1,1.0,,,1,,0.0,0.0,1,False,0,,[1],"{""0"": 1}",0,0.0,16,0,0
C2c-INJECTION,0.0,00001garden|125|1|6,124,14,18,1,9,,,{},9,True,0,,00001garden,,1,1.0,,,1,,0.0,0.0,1,False,0,,[1],"{""0"": 1}",0,0.0,16,0,0
C2c-INJECTION,0.0,00001garden|125|1|6,124,14,19,1,9,,,{},9,True,0,,00001garden,,1,1.0,,,1,,0.0,0.0,1,False,0,,[1],"{""0"": 1}",0,0.0,16,0,0
C2c-INJECTION,0.0,00001garden|125|1|6,124,14,20,1,9,,,{},9,True,0,,00001garden,,1,1.0,,,1,,0.0,0.0,1,False,0,,[1],"{""0"": 1}",0,0.0,16,0,0
_META,,00001garden|125|1|6,124,14,0,,,omitted_for_runtime,omitted_for_runtime,,,,,,00001garden,,,,,,,,,,,,,,,,,,,0,
SHAM,0.0,00001garden|179|1|11,178,7,1,24,9,,,{},10,True,0,,00001garden,,0,0.0,,,1,,1.0,1.0,1,False,1,,[10],"{""0"": 10}",0,0.0,16,0,0
SHAM,0.0,00001garden|179|1|11,178,7,2,24,9,,,{},10,True,0,,00001garden,,0,0.0,,,1,,1.0,1.0,1,False,1,,[10],"{""0"": 10}",0,0.0,15,0,0
SHAM,0.0,00001garden|179|1|11,178,7,3,24,9,,,{},10,True,0,,00001garden,,0,0.0,,,1,,1.0,1.0,1,False,1,,[10],"{""0"": 10}",0,0.0,15,0,0
SHAM,0.0,00001garden|179|1|11,178,7,4,24,9,,,{},10,True,0,,00001garden,,0,0.0,,,1,,1.0,1.0,1,False,1,,[10],"{""0"": 10}",0,0.0,15,0,0
SHAM,0.0,00001garden|179|1|11,178,7,5,24,9,,,{},10,True,0,,00001garden,,0,0.0,,,1,,1.0,1.0,1,False,1,,[10],"{""0"": 10}",0,0.0,15,0,0
SHAM,0.0,00001garden|179|1|11,178,7,6,24,9,,,{},10,True,0,,00001garden,,0,0.0,,,1,,1.0,1.0,1,False,1,,[10],"{""0"": 10}",0,0.0,15,0,0
SHAM,0.0,00001garden|179|1|11,178,7,7,24,9,,,{},10,True,0,,00001garden,,0,0.0,,,1,,1.0,1.0,1,False,1,,[10],"{""0"": 10}",0,0.0,15,0,0
SHAM,0.0,00001garden|179|1|11,178,7,8,24,9,,,{},10,True,0,,00001garden,,0,0.0,,,1,,1.0,1.0,1,False,1,,[10],"{""0"": 10}",0,0.0,15,0,0
SHAM,0.0,00001garden|179|1|11,178,7,9,24,9,,,{},10,True,0,,00001garden,,0,0.0,,,1,,1.0,1.0,1,False,1,,[10],"{""0"": 10}",0,0.0,15,0,0
SHAM,0.0,00001garden|179|1|11,178,7,10,24,9,,,{},10,True,0,,00001garden,,0,0.0,,,1,,1.0,1.0,1,False,1,,[10],"{""0"": 10}",0,0.0,15,0,0
SHAM,0.0,00001garden|179|1|11,178,7,11,24,9,,,{},10,True,0,,00001garden,,0,0.0,,,1,,1.0,1.0,1,False,1,,[10],"{""0"": 10}",0,0.0,15,0,0
SHAM,0.0,00001garden|179|1|11,178,7,12,24,9,,,{},10,True,0,,00001garden,,0,0.0,,,1,,1.0,1.0,1,False,1,,[10],"{""0"": 10}",0,0.0,15,0,0
SHAM,0.0,00001garden|179|1|11,178,7,13,24,9,,,{},10,True,0,,00001garden,,0,0.0,,,1,,1.0,1.0,1,False,1,,[10],"{""0"": 10}",0,0.0,15,0,0
SHAM,0.0,00001garden|179|1|11,178,7,14,24,9,,,{},10,True,0,,00001garden,,0,0.0,,,1,,1.0,1.0,1,False,1,,[10],"{""0"": 10}",0,0.0,15,0,0
SHAM,0.0,00001garden|179|1|11,178,7,15,24,9,,,{},10,True,0,,00001garden,,0,0.0,,,1,,1.0,1.0,1,False,1,,[10],"{""0"": 10}",0,0.0,15,0,0
SHAM,0.0,00001garden|179|1|11,178,7,16,24,9,,,{},10,True,0,,00001garden,,0,0.0,,,1,,1.0,1.0,1,False,1,,[10],"{""0"": 10}",0,0.0,15,0,0
SHAM,0.0,00001garden|179|1|11,178,7,17,24,9,,,{},10,True,0,,00001garden,,0,0.0,,,1,,1.0,1.0,1,False,1,,[10],"{""0"": 10}",0,0.0,15,0,0
SHAM,0.0,00001garden|179|1|11,178,7,18,24,9,,,{},10,True,0,,00001garden,,0,0.0,,,1,,1.0,1.0,1,False,1,,[10],"{""0"": 10}",0,0.0,15,0,0
SHAM,0.0,00001garden|179|1|11,178,7,19,24,9,,,{},10,True,0,,00001garden,,0,0.0,,,1,,1.0,1.0,1,False,1,,[10],"{""0"": 10}",0,0.0,15,0,0
SHAM,0.0,00001garden|179|1|11,178,7,20,24,9,,,{},10,True,0,,00001garden,,0,0.0,,,1,,1.0,1.0,1,False,1,,[10],"{""0"": 10}",0,0.0,15,0,0
C2c-INJECTION,,00001garden|179|1|11,178,7,1,24,9,,,{},10,False,0,baseline_anchor_mismatch,00001garden,baseline_anchor_mismatch,,,,,,,,,,True,,baseline_anchor_mismatch,,,,,0,0,0
C2c-INJECTION,,00001garden|179|1|11,178,7,2,24,9,,,{},10,False,0,baseline_anchor_mismatch,00001garden,baseline_anchor_mismatch,,,,,,,,,,True,,baseline_anchor_mismatch,,,,,0,0,0
C2c-INJECTION,,00001garden|179|1|11,178,7,3,24,9,,,{},10,False,0,baseline_anchor_mismatch,00001garden,baseline_anchor_mismatch,,,,,,,,,,True,,baseline_anchor_mismatch,,,,,0,0,0
C2c-INJECTION,,00001garden|179|1|11,178,7,4,24,9,,,{},10,False,0,baseline_anchor_mismatch,00001garden,baseline_anchor_mismatch,,,,,,,,,,True,,baseline_anchor_mismatch,,,,,0,0,0
C2c-INJECTION,,00001garden|179|1|11,178,7,5,24,9,,,{},10,False,0,baseline_anchor_mismatch,00001garden,baseline_anchor_mismatch,,,,,,,,,,True,,baseline_anchor_mismatch,,,,,0,0,0
C2c-INJECTION,,00001garden|179|1|11,178,7,6,24,9,,,{},10,False,0,baseline_anchor_mismatch,00001garden,baseline_anchor_mismatch,,,,,,,,,,True,,baseline_anchor_mismatch,,,,,0,0,0
C2c-INJECTION,,00001garden|179|1|11,178,7,7,24,9,,,{},10,False,0,baseline_anchor_mismatch,00001garden,baseline_anchor_mismatch,,,,,,,,,,True,,baseline_anchor_mismatch,,,,,0,0,0
C2c-INJECTION,,00001garden|179|1|11,178,7,8,24,9,,,{},10,False,0,baseline_anchor_mismatch,00001garden,baseline_anchor_mismatch,,,,,,,,,,True,,baseline_anchor_mismatch,,,,,0,0,0
C2c-INJECTION,,00001garden|179|1|11,178,7,9,24,9,,,{},10,False,0,baseline_anchor_mismatch,00001garden,baseline_anchor_mismatch,,,,,,,,,,True,,baseline_anchor_mismatch,,,,,0,0,0
C2c-INJECTION,,00001garden|179|1|11,178,7,10,24,9,,,{},10,False,0,baseline_anchor_mismatch,00001garden,baseline_anchor_mismatch,,,,,,,,,,True,,baseline_anchor_mismatch,,,,,0,0,0
C2c-INJECTION,,00001garden|179|1|11,178,7,11,24,9,,,{},10,False,0,baseline_anchor_mismatch,00001garden,baseline_anchor_mismatch,,,,,,,,,,True,,baseline_anchor_mismatch,,,,,0,0,0
C2c-INJECTION,,00001garden|179|1|11,178,7,12,24,9,,,{},10,False,0,baseline_anchor_mismatch,00001garden,baseline_anchor_mismatch,,,,,,,,,,True,,baseline_anchor_mismatch,,,,,0,0,0
C2c-INJECTION,,00001garden|179|1|11,178,7,13,24,9,,,{},10,False,0,baseline_anchor_mismatch,00001garden,baseline_anchor_mismatch,,,,,,,,,,True,,baseline_anchor_mismatch,,,,,0,0,0
C2c-INJECTION,,00001garden|179|1|11,178,7,14,24,9,,,{},10,False,0,baseline_anchor_mismatch,00001garden,baseline_anchor_mismatch,,,,,,,,,,True,,baseline_anchor_mismatch,,,,,0,0,0
C2c-INJECTION,,00001garden|179|1|11,178,7,15,24,9,,,{},10,False,0,baseline_anchor_mismatch,00001garden,baseline_anchor_mismatch,,,,,,,,,,True,,baseline_anchor_mismatch,,,,,0,0,0
C2c-INJECTION,,00001garden|179|1|11,178,7,16,24,9,,,{},10,False,0,baseline_anchor_mismatch,00001garden,baseline_anchor_mismatch,,,,,,,,,,True,,baseline_anchor_mismatch,,,,,0,0,0
C2c-INJECTION,,00001garden|179|1|11,178,7,17,24,9,,,{},10,False,0,baseline_anchor_mismatch,00001garden,baseline_anchor_mismatch,,,,,,,,,,True,,baseline_anchor_mismatch,,,,,0,0,0
C2c-INJECTION,,00001garden|179|1|11,178,7,18,24,9,,,{},10,False,0,baseline_anchor_mismatch,00001garden,baseline_anchor_mismatch,,,,,,,,,,True,,baseline_anchor_mismatch,,,,,0,0,0
C2c-INJECTION,,00001garden|179|1|11,178,7,19,24,9,,,{},10,False,0,baseline_anchor_mismatch,00001garden,baseline_anchor_mismatch,,,,,,,,,,True,,baseline_anchor_mismatch,,,,,0,0,0
C2c-INJECTION,,00001garden|179|1|11,178,7,20,24,9,,,{},10,False,0,baseline_anchor_mismatch,00001garden,baseline_anchor_mismatch,,,,,,,,,,True,,baseline_anchor_mismatch,,,,,0,0,0
_META,,00001garden|179|1|11,178,7,0,,,omitted_for_runtime,omitted_for_runtime,,,,,,00001garden,,,,,,,,,,,,,,,,,,,0,
SHAM,0.0,00001garden|196|1|7,195,11,1,10,9,,,{},13,True,0,,00001garden,,0,0.0,,,1,,1.0,1.0,1,False,1,,[13],"{""0"": 13}",0,0.0,15,0,0
SHAM,0.0,00001garden|196|1|7,195,11,2,10,9,,,{},13,True,0,,00001garden,,0,0.0,,,1,,1.0,1.0,1,False,1,,[13],"{""0"": 13}",0,0.0,15,0,0
SHAM,0.0,00001garden|196|1|7,195,11,3,10,9,,,{},13,True,0,,00001garden,,0,0.0,,,1,,1.0,1.0,1,False,1,,[13],"{""0"": 13}",0,0.0,15,0,0
SHAM,0.0,00001garden|196|1|7,195,11,4,10,9,,,{},13,True,0,,00001garden,,0,0.0,,,1,,1.0,1.0,1,False,1,,[13],"{""0"": 13}",0,0.0,15,0,0
SHAM,0.0,00001garden|196|1|7,195,11,5,10,9,,,{},13,True,0,,00001garden,,0,0.0,,,1,,1.0,1.0,1,False,1,,[13],"{""0"": 13}",0,0.0,15,0,0
SHAM,0.0,00001garden|196|1|7,195,11,6,10,9,,,{},13,True,0,,00001garden,,0,0.0,,,1,,1.0,1.0,1,False,1,,[13],"{""0"": 13}",0,0.0,15,0,0
SHAM,0.0,00001garden|196|1|7,195,11,7,10,9,,,{},13,True,0,,00001garden,,0,0.0,,,1,,1.0,1.0,1,False,1,,[13],"{""0"": 13}",0,0.0,15,0,0
SHAM,0.0,00001garden|196|1|7,195,11,8,10,9,,,{},13,True,0,,00001garden,,0,0.0,,,1,,1.0,1.0,1,False,1,,[13],"{""0"": 13}",0,0.0,15,0,0
SHAM,0.0,00001garden|196|1|7,195,11,9,10,9,,,{},13,True,0,,00001garden,,0,0.0,,,1,,1.0,1.0,1,False,1,,[13],"{""0"": 13}",0,0.0,15,0,0
SHAM,0.0,00001garden|196|1|7,195,11,10,10,9,,,{},13,True,0,,00001garden,,0,0.0,,,1,,1.0,1.0,1,False,1,,[13],"{""0"": 13}",0,0.0,14,0,0
SHAM,0.0,00001garden|196|1|7,195,11,11,10,9,,,{},13,True,0,,00001garden,,0,0.0,,,1,,1.0,1.0,1,False,1,,[13],"{""0"": 13}",0,0.0,14,0,0
SHAM,0.0,00001garden|196|1|7,195,11,12,10,9,,,{},13,True,0,,00001garden,,0,0.0,,,1,,1.0,1.0,1,False,1,,[13],"{""0"": 13}",0,0.0,14,0,0
SHAM,0.0,00001garden|196|1|7,195,11,13,10,9,,,{},13,True,0,,00001garden,,0,0.0,,,1,,1.0,1.0,1,False,1,,[13],"{""0"": 13}",0,0.0,14,0,0
SHAM,0.0,00001garden|196|1|7,195,11,14,10,9,,,{},13,True,0,,00001garden,,0,0.0,,,1,,1.0,1.0,1,False,1,,[13],"{""0"": 13}",0,0.0,14,0,0
SHAM,0.0,00001garden|196|1|7,195,11,15,10,9,,,{},13,True,0,,00001garden,,0,0.0,,,1,,1.0,1.0,1,False,1,,[13],"{""0"": 13}",0,0.0,14,0,0
SHAM,0.0,00001garden|196|1|7,195,11,16,10,9,,,{},13,True,0,,00001garden,,0,0.0,,,1,,1.0,1.0,1,False,1,,[13],"{""0"": 13}",0,0.0,14,0,0
SHAM,0.0,00001garden|196|1|7,195,11,17,10,9,,,{},13,True,0,,00001garden,,0,0.0,,,1,,1.0,1.0,1,False,1,,[13],"{""0"": 13}",0,0.0,14,0,0
SHAM,0.0,00001garden|196|1|7,195,11,18,10,9,,,{},13,True,0,,00001garden,,0,0.0,,,1,,1.0,1.0,1,False,1,,[13],"{""0"": 13}",0,0.0,14,0,0
SHAM,0.0,00001garden|196|1|7,195,11,19,10,9,,,{},13,True,0,,00001garden,,0,0.0,,,1,,1.0,1.0,1,False,1,,[13],"{""0"": 13}",0,0.0,13,0,0
SHAM,0.0,00001garden|196|1|7,195,11,20,10,9,,,{},13,True,0,,00001garden,,0,0.0,,,1,,1.0,1.0,1,False,1,,[13],"{""0"": 13}",0,0.0,14,0,0
C2c-INJECTION,,00001garden|196|1|7,195,11,1,10,9,,,{},13,False,0,baseline_anchor_mismatch,00001garden,baseline_anchor_mismatch,,,,,,,,,,True,,baseline_anchor_mismatch,,,,,0,0,0
C2c-INJECTION,,00001garden|196|1|7,195,11,2,10,9,,,{},13,False,0,baseline_anchor_mismatch,00001garden,baseline_anchor_mismatch,,,,,,,,,,True,,baseline_anchor_mismatch,,,,,0,0,0
C2c-INJECTION,,00001garden|196|1|7,195,11,3,10,9,,,{},13,False,0,baseline_anchor_mismatch,00001garden,baseline_anchor_mismatch,,,,,,,,,,True,,baseline_anchor_mismatch,,,,,0,0,0
C2c-INJECTION,,00001garden|196|1|7,195,11,4,10,9,,,{},13,False,0,baseline_anchor_mismatch,00001garden,baseline_anchor_mismatch,,,,,,,,,,True,,baseline_anchor_mismatch,,,,,0,0,0
C2c-INJECTION,,00001garden|196|1|7,195,11,5,10,9,,,{},13,False,0,baseline_anchor_mismatch,00001garden,baseline_anchor_mismatch,,,,,,,,,,True,,baseline_anchor_mismatch,,,,,0,0,0
C2c-INJECTION,,00001garden|196|1|7,195,11,6,10,9,,,{},13,False,0,baseline_anchor_mismatch,00001garden,baseline_anchor_mismatch,,,,,,,,,,True,,baseline_anchor_mismatch,,,,,0,0,0
C2c-INJECTION,,00001garden|196|1|7,195,11,7,10,9,,,{},13,False,0,baseline_anchor_mismatch,00001garden,baseline_anchor_mismatch,,,,,,,,,,True,,baseline_anchor_mismatch,,,,,0,0,0
C2c-INJECTION,,00001garden|196|1|7,195,11,8,10,9,,,{},13,False,0,baseline_anchor_mismatch,00001garden,baseline_anchor_mismatch,,,,,,,,,,True,,baseline_anchor_mismatch,,,,,0,0,0
C2c-INJECTION,,00001garden|196|1|7,195,11,9,10,9,,,{},13,False,0,baseline_anchor_mismatch,00001garden,baseline_anchor_mismatch,,,,,,,,,,True,,baseline_anchor_mismatch,,,,,0,0,0
C2c-INJECTION,,00001garden|196|1|7,195,11,10,10,9,,,{},13,False,0,baseline_anchor_mismatch,00001garden,baseline_anchor_mismatch,,,,,,,,,,True,,baseline_anchor_mismatch,,,,,0,0,0
C2c-INJECTION,,00001garden|196|1|7,195,11,11,10,9,,,{},13,False,0,baseline_anchor_mismatch,00001garden,baseline_anchor_mismatch,,,,,,,,,,True,,baseline_anchor_mismatch,,,,,0,0,0
C2c-INJECTION,,00001garden|196|1|7,195,11,12,10,9,,,{},13,False,0,baseline_anchor_mismatch,00001garden,baseline_anchor_mismatch,,,,,,,,,,True,,baseline_anchor_mismatch,,,,,0,0,0
C2c-INJECTION,,00001garden|196|1|7,195,11,13,10,9,,,{},13,False,0,baseline_anchor_mismatch,00001garden,baseline_anchor_mismatch,,,,,,,,,,True,,baseline_anchor_mismatch,,,,,0,0,0
C2c-INJECTION,,00001garden|196|1|7,195,11,14,10,9,,,{},13,False,0,baseline_anchor_mismatch,00001garden,baseline_anchor_mismatch,,,,,,,,,,True,,baseline_anchor_mismatch,,,,,0,0,0
C2c-INJECTION,,00001garden|196|1|7,195,11,15,10,9,,,{},13,False,0,baseline_anchor_mismatch,00001garden,baseline_anchor_mismatch,,,,,,,,,,True,,baseline_anchor_mismatch,,,,,0,0,0
C2c-INJECTION,,00001garden|196|1|7,195,11,16,10,9,,,{},13,False,0,baseline_anchor_mismatch,00001garden,baseline_anchor_mismatch,,,,,,,,,,True,,baseline_anchor_mismatch,,,,,0,0,0
C2c-INJECTION,,00001garden|196|1|7,195,11,17,10,9,,,{},13,False,0,baseline_anchor_mismatch,00001garden,baseline_anchor_mismatch,,,,,,,,,,True,,baseline_anchor_mismatch,,,,,0,0,0
C2c-INJECTION,,00001garden|196|1|7,195,11,18,10,9,,,{},13,False,0,baseline_anchor_mismatch,00001garden,baseline_anchor_mismatch,,,,,,,,,,True,,baseline_anchor_mismatch,,,,,0,0,0
C2c-INJECTION,,00001garden|196|1|7,195,11,19,10,9,,,{},13,False,0,baseline_anchor_mismatch,00001garden,baseline_anchor_mismatch,,,,,,,,,,True,,baseline_anchor_mismatch,,,,,0,0,0
C2c-INJECTION,,00001garden|196|1|7,195,11,20,10,9,,,{},13,False,0,baseline_anchor_mismatch,00001garden,baseline_anchor_mismatch,,,,,,,,,,True,,baseline_anchor_mismatch,,,,,0,0,0
_META,,00001garden|196|1|7,195,11,0,,,omitted_for_runtime,omitted_for_runtime,,,,,,00001garden,,,,,,,,,,,,,,,,,,,0,
SHAM,0.0,00001garden|207|1|2,206,5,1,7,1,,,{},7,True,0,,00001garden,,2,1.0,1.0,True,2,True,0.0,0.0,2,False,0,,"[7, 7]","{""0"": 7, ""1"": 7}",0,0.0,14,0,0
SHAM,0.0,00001garden|207|1|2,206,5,2,7,1,,,{},7,True,0,,00001garden,,2,1.0,1.0,True,2,True,0.0,0.0,2,False,0,,"[7, 7]","{""0"": 7, ""1"": 7}",0,0.0,14,0,0
SHAM,0.0,00001garden|207|1|2,206,5,3,7,1,,,{},7,True,0,,00001garden,,2,1.0,1.0,True,2,True,0.0,0.0,2,False,0,,"[7, 7]","{""0"": 7, ""1"": 7}",0,0.0,14,0,0
SHAM,0.0,00001garden|207|1|2,206,5,4,7,1,,,{},7,True,0,,00001garden,,2,1.0,1.0,True,2,True,0.0,0.0,2,False,0,,"[7, 7]","{""0"": 7, ""1"": 7}",0,0.0,14,0,0
SHAM,0.0,00001garden|207|1|2,206,5,5,7,1,,,{},7,True,0,,00001garden,,2,1.0,1.0,True,2,True,0.0,0.0,2,False,0,,"[7, 7]","{""0"": 7, ""1"": 7}",0,0.0,14,0,0
SHAM,0.0,00001garden|207|1|2,206,5,6,7,1,,,{},7,True,0,,00001garden,,2,1.0,1.0,True,2,True,0.0,0.0,2,False,0,,"[7, 7]","{""0"": 7, ""1"": 7}",0,0.0,14,0,0
SHAM,0.0,00001garden|207|1|2,206,5,7,7,1,,,{},7,True,0,,00001garden,,2,1.0,1.0,True,2,True,0.0,0.0,2,False,0,,"[7, 7]","{""0"": 7, ""1"": 7}",0,0.0,14,0,0
SHAM,0.0,00001garden|207|1|2,206,5,8,7,1,,,{},7,True,0,,00001garden,,2,1.0,1.0,True,2,True,0.0,0.0,2,False,0,,"[7, 7]","{""0"": 7, ""1"": 7}",0,0.0,13,0,0
SHAM,0.0,00001garden|207|1|2,206,5,9,7,1,,,{},7,True,0,,00001garden,,2,1.0,1.0,True,2,True,0.0,0.0,2,False,0,,"[7, 7]","{""0"": 7, ""1"": 7}",0,0.0,14,0,0
SHAM,0.0,00001garden|207|1|2,206,5,10,7,1,,,{},7,True,0,,00001garden,,2,1.0,1.0,True,2,True,0.0,0.0,2,False,0,,"[7, 7]","{""0"": 7, ""1"": 7}",0,0.0,14,0,0
SHAM,0.0,00001garden|207|1|2,206,5,11,7,1,,,{},7,True,0,,00001garden,,2,1.0,1.0,True,2,True,0.0,0.0,2,False,0,,"[7, 7]","{""0"": 7, ""1"": 7}",0,0.0,14,0,0
SHAM,0.0,00001garden|207|1|2,206,5,12,7,1,,,{},7,True,0,,00001garden,,2,1.0,1.0,True,2,True,0.0,0.0,2,False,0,,"[7, 7]","{""0"": 7, ""1"": 7}",0,0.0,14,0,0
SHAM,0.0,00001garden|207|1|2,206,5,13,7,1,,,{},7,True,0,,00001garden,,2,1.0,1.0,True,2,True,0.0,0.0,2,False,0,,"[7, 7]","{""0"": 7, ""1"": 7}",0,0.0,14,0,0
SHAM,0.0,00001garden|207|1|2,206,5,14,7,1,,,{},7,True,0,,00001garden,,2,1.0,1.0,True,2,True,0.0,0.0,2,False,0,,"[7, 7]","{""0"": 7, ""1"": 7}",0,0.0,14,0,0
SHAM,0.0,00001garden|207|1|2,206,5,15,7,1,,,{},7,True,0,,00001garden,,2,1.0,1.0,True,2,True,0.0,0.0,2,False,0,,"[7, 7]","{""0"": 7, ""1"": 7}",0,0.0,14,0,0
SHAM,0.0,00001garden|207|1|2,206,5,16,7,1,,,{},7,True,0,,00001garden,,2,1.0,1.0,True,2,True,0.0,0.0,2,False,0,,"[7, 7]","{""0"": 7, ""1"": 7}",0,0.0,13,0,0
SHAM,0.0,00001garden|207|1|2,206,5,17,7,1,,,{},7,True,0,,00001garden,,1,0.5,0.0,False,2,False,0.5,0.5,2,False,1,,"[84, 7]","{""0"": 84, ""1"": 7}",0,0.0,13,0,0
SHAM,0.0,00001garden|207|1|2,206,5,18,7,1,,,{},7,True,0,,00001garden,,2,1.0,1.0,True,2,True,0.0,0.0,2,False,0,,"[7, 7]","{""0"": 7, ""1"": 7}",0,0.0,12,0,0
SHAM,0.0,00001garden|207|1|2,206,5,19,7,1,,,{},7,True,0,,00001garden,,2,1.0,1.0,True,2,True,0.0,0.0,2,False,0,,"[7, 7]","{""0"": 7, ""1"": 7}",0,0.0,14,0,0
SHAM,0.0,00001garden|207|1|2,206,5,20,7,1,,,{},7,True,0,,00001garden,,1,0.5,0.0,False,2,False,0.5,0.5,2,False,1,,"[87, 7]","{""0"": 87, ""1"": 7}",0,0.0,12,0,0
C2c-INJECTION,0.0,00001garden|207|1|2,206,5,1,7,1,,,{},1,True,0,,00001garden,,2,1.0,1.0,True,2,True,0.0,0.0,2,False,0,,"[7, 7]","{""0"": 7, ""1"": 7}",0,0.0,14,0,0
C2c-INJECTION,0.0,00001garden|207|1|2,206,5,2,7,1,,,{},1,True,0,,00001garden,,2,1.0,1.0,True,2,True,0.0,0.0,2,False,0,,"[7, 7]","{""0"": 7, ""1"": 7}",0,0.0,14,0,0
C2c-INJECTION,0.0,00001garden|207|1|2,206,5,3,7,1,,,{},1,True,0,,00001garden,,2,1.0,1.0,True,2,True,0.0,0.0,2,False,0,,"[7, 7]","{""0"": 7, ""1"": 7}",0,0.0,14,0,0
C2c-INJECTION,0.0,00001garden|207|1|2,206,5,4,7,1,,,{},1,True,0,,00001garden,,2,1.0,1.0,True,2,True,0.0,0.0,2,False,0,,"[7, 7]","{""0"": 7, ""1"": 7}",0,0.0,14,0,0
C2c-INJECTION,0.0,00001garden|207|1|2,206,5,5,7,1,,,{},1,True,0,,00001garden,,2,1.0,1.0,True,2,True,0.0,0.0,2,False,0,,"[7, 7]","{""0"": 7, ""1"": 7}",0,0.0,14,0,0
C2c-INJECTION,0.0,00001garden|207|1|2,206,5,6,7,1,,,{},1,True,0,,00001garden,,2,1.0,1.0,True,2,True,0.0,0.0,2,False,0,,"[7, 7]","{""0"": 7, ""1"": 7}",0,0.0,14,0,0
C2c-INJECTION,0.0,00001garden|207|1|2,206,5,7,7,1,,,{},1,True,0,,00001garden,,2,1.0,1.0,True,2,True,0.0,0.0,2,False,0,,"[7, 7]","{""0"": 7, ""1"": 7}",0,0.0,14,0,0
C2c-INJECTION,0.0,00001garden|207|1|2,206,5,8,7,1,,,{},1,True,0,,00001garden,,2,1.0,1.0,True,2,True,0.0,0.0,2,False,0,,"[7, 7]","{""0"": 7, ""1"": 7}",0,0.0,13,0,0
C2c-INJECTION,0.0,00001garden|207|1|2,206,5,9,7,1,,,{},1,True,0,,00001garden,,2,1.0,1.0,True,2,True,0.0,0.0,2,False,0,,"[7, 7]","{""0"": 7, ""1"": 7}",0,0.0,14,0,0
C2c-INJECTION,0.0,00001garden|207|1|2,206,5,10,7,1,,,{},1,True,0,,00001garden,,2,1.0,1.0,True,2,True,0.0,0.0,2,False,0,,"[7, 7]","{""0"": 7, ""1"": 7}",0,0.0,14,0,0
C2c-INJECTION,0.0,00001garden|207|1|2,206,5,11,7,1,,,{},1,True,0,,00001garden,,2,1.0,1.0,True,2,True,0.0,0.0,2,False,0,,"[7, 7]","{""0"": 7, ""1"": 7}",0,0.0,14,0,0
C2c-INJECTION,0.0,00001garden|207|1|2,206,5,12,7,1,,,{},1,True,0,,00001garden,,2,1.0,1.0,True,2,True,0.0,0.0,2,False,0,,"[7, 7]","{""0"": 7, ""1"": 7}",0,0.0,14,0,0
C2c-INJECTION,0.0,00001garden|207|1|2,206,5,13,7,1,,,{},1,True,0,,00001garden,,2,1.0,1.0,True,2,True,0.0,0.0,2,False,0,,"[7, 7]","{""0"": 7, ""1"": 7}",0,0.0,14,0,0
C2c-INJECTION,0.0,00001garden|207|1|2,206,5,14,7,1,,,{},1,True,0,,00001garden,,2,1.0,1.0,True,2,True,0.0,0.0,2,False,0,,"[7, 7]","{""0"": 7, ""1"": 7}",0,0.0,14,0,0
C2c-INJECTION,0.0,00001garden|207|1|2,206,5,15,7,1,,,{},1,True,0,,00001garden,,2,1.0,1.0,True,2,True,0.0,0.0,2,False,0,,"[7, 7]","{""0"": 7, ""1"": 7}",0,0.0,14,0,0
C2c-INJECTION,0.0,00001garden|207|1|2,206,5,16,7,1,,,{},1,True,0,,00001garden,,2,1.0,1.0,True,2,True,0.0,0.0,2,False,0,,"[7, 7]","{""0"": 7, ""1"": 7}",0,0.0,13,0,0
C2c-INJECTION,0.0,00001garden|207|1|2,206,5,17,7,1,,,{},1,True,0,,00001garden,,1,0.5,0.0,False,2,False,0.5,0.5,2,False,1,,"[84, 7]","{""0"": 84, ""1"": 7}",0,0.0,13,0,0
C2c-INJECTION,0.0,00001garden|207|1|2,206,5,18,7,1,,,{},1,True,0,,00001garden,,2,1.0,1.0,True,2,True,0.0,0.0,2,False,0,,"[7, 7]","{""0"": 7, ""1"": 7}",0,0.0,12,0,0
C2c-INJECTION,0.0,00001garden|207|1|2,206,5,19,7,1,,,{},1,True,0,,00001garden,,2,1.0,1.0,True,2,True,0.0,0.0,2,False,0,,"[7, 7]","{""0"": 7, ""1"": 7}",0,0.0,14,0,0
C2c-INJECTION,0.0,00001garden|207|1|2,206,5,20,7,1,,,{},1,True,0,,00001garden,,1,0.5,0.0,False,2,False,0.5,0.5,2,False,1,,"[87, 7]","{""0"": 87, ""1"": 7}",0,0.0,12,0,0
_META,,00001garden|207|1|2,206,5,0,,,omitted_for_runtime,omitted_for_runtime,,,,,,00001garden,,,,,,,,,,,,,,,,,,,0,
SHAM,0.0,00001garden|207|1|3,206,3,1,5,1,,,{},5,True,0,,00001garden,,1,1.0,,,1,,0.0,0.0,1,False,0,,[5],"{""0"": 5}",0,0.0,14,0,0
SHAM,0.0,00001garden|207|1|3,206,3,2,5,1,,,{},5,True,0,,00001garden,,1,1.0,,,1,,0.0,0.0,1,False,0,,[5],"{""0"": 5}",0,0.0,14,0,0
SHAM,0.0,00001garden|207|1|3,206,3,3,5,1,,,{},5,True,0,,00001garden,,1,1.0,,,1,,0.0,0.0,1,False,0,,[5],"{""0"": 5}",0,0.0,14,0,0
SHAM,0.0,00001garden|207|1|3,206,3,4,5,1,,,{},5,True,0,,00001garden,,1,1.0,,,1,,0.0,0.0,1,False,0,,[5],"{""0"": 5}",0,0.0,14,0,0
SHAM,0.0,00001garden|207|1|3,206,3,5,5,1,,,{},5,True,0,,00001garden,,1,1.0,,,1,,0.0,0.0,1,False,0,,[5],"{""0"": 5}",0,0.0,14,0,0
SHAM,0.0,00001garden|207|1|3,206,3,6,5,1,,,{},5,True,0,,00001garden,,1,1.0,,,1,,0.0,0.0,1,False,0,,[5],"{""0"": 5}",0,0.0,14,0,0
SHAM,0.0,00001garden|207|1|3,206,3,7,5,1,,,{},5,True,0,,00001garden,,1,1.0,,,1,,0.0,0.0,1,False,0,,[5],"{""0"": 5}",0,0.0,14,0,0
SHAM,0.0,00001garden|207|1|3,206,3,8,5,1,,,{},5,True,0,,00001garden,,1,1.0,,,1,,0.0,0.0,1,False,0,,[5],"{""0"": 5}",0,0.0,13,0,0
SHAM,0.0,00001garden|207|1|3,206,3,9,5,1,,,{},5,True,0,,00001garden,,1,1.0,,,1,,0.0,0.0,1,False,0,,[5],"{""0"": 5}",0,0.0,14,0,0
SHAM,0.0,00001garden|207|1|3,206,3,10,5,1,,,{},5,True,0,,00001garden,,1,1.0,,,1,,0.0,0.0,1,False,0,,[5],"{""0"": 5}",0,0.0,14,0,0
SHAM,0.0,00001garden|207|1|3,206,3,11,5,1,,,{},5,True,0,,00001garden,,1,1.0,,,1,,0.0,0.0,1,False,0,,[5],"{""0"": 5}",0,0.0,14,0,0
SHAM,0.0,00001garden|207|1|3,206,3,12,5,1,,,{},5,True,0,,00001garden,,1,1.0,,,1,,0.0,0.0,1,False,0,,[5],"{""0"": 5}",0,0.0,14,0,0
SHAM,0.0,00001garden|207|1|3,206,3,13,5,1,,,{},5,True,0,,00001garden,,1,1.0,,,1,,0.0,0.0,1,False,0,,[5],"{""0"": 5}",0,0.0,14,0,0
SHAM,0.0,00001garden|207|1|3,206,3,14,5,1,,,{},5,True,0,,00001garden,,1,1.0,,,1,,0.0,0.0,1,False,0,,[5],"{""0"": 5}",0,0.0,14,0,0
SHAM,0.0,00001garden|207|1|3,206,3,15,5,1,,,{},5,True,0,,00001garden,,1,1.0,,,1,,0.0,0.0,1,False,0,,[5],"{""0"": 5}",0,0.0,14,0,0
SHAM,0.0,00001garden|207|1|3,206,3,16,5,1,,,{},5,True,0,,00001garden,,1,1.0,,,1,,0.0,0.0,1,False,0,,[5],"{""0"": 5}",0,0.0,13,0,0
SHAM,0.0,00001garden|207|1|3,206,3,17,5,1,,,{},5,True,0,,00001garden,,1,1.0,,,1,,0.0,0.0,1,False,0,,[5],"{""0"": 5}",0,0.0,13,0,0
SHAM,0.0,00001garden|207|1|3,206,3,18,5,1,,,{},5,True,0,,00001garden,,1,1.0,,,1,,0.0,0.0,1,False,0,,[5],"{""0"": 5}",0,0.0,12,0,0
SHAM,0.0,00001garden|207|1|3,206,3,19,5,1,,,{},5,True,0,,00001garden,,1,1.0,,,1,,0.0,0.0,1,False,0,,[5],"{""0"": 5}",0,0.0,14,0,0
SHAM,0.0,00001garden|207|1|3,206,3,20,5,1,,,{},5,True,0,,00001garden,,1,1.0,,,1,,0.0,0.0,1,False,0,,[5],"{""0"": 5}",0,0.0,12,0,0
C2c-INJECTION,0.0,00001garden|207|1|3,206,3,1,5,1,,,{},1,True,0,,00001garden,,1,1.0,,,1,,0.0,0.0,1,False,0,,[5],"{""0"": 5}",0,0.0,14,0,0
C2c-INJECTION,0.0,00001garden|207|1|3,206,3,2,5,1,,,{},1,True,0,,00001garden,,1,1.0,,,1,,0.0,0.0,1,False,0,,[5],"{""0"": 5}",0,0.0,14,0,0
C2c-INJECTION,0.0,00001garden|207|1|3,206,3,3,5,1,,,{},1,True,0,,00001garden,,1,1.0,,,1,,0.0,0.0,1,False,0,,[5],"{""0"": 5}",0,0.0,14,0,0
C2c-INJECTION,0.0,00001garden|207|1|3,206,3,4,5,1,,,{},1,True,0,,00001garden,,1,1.0,,,1,,0.0,0.0,1,False,0,,[5],"{""0"": 5}",0,0.0,14,0,0
C2c-INJECTION,0.0,00001garden|207|1|3,206,3,5,5,1,,,{},1,True,0,,00001garden,,1,1.0,,,1,,0.0,0.0,1,False,0,,[5],"{""0"": 5}",0,0.0,14,0,0
C2c-INJECTION,0.0,00001garden|207|1|3,206,3,6,5,1,,,{},1,True,0,,00001garden,,1,1.0,,,1,,0.0,0.0,1,False,0,,[5],"{""0"": 5}",0,0.0,14,0,0
C2c-INJECTION,0.0,00001garden|207|1|3,206,3,7,5,1,,,{},1,True,0,,00001garden,,1,1.0,,,1,,0.0,0.0,1,False,0,,[5],"{""0"": 5}",0,0.0,14,0,0
C2c-INJECTION,0.0,00001garden|207|1|3,206,3,8,5,1,,,{},1,True,0,,00001garden,,1,1.0,,,1,,0.0,0.0,1,False,0,,[5],"{""0"": 5}",0,0.0,13,0,0
C2c-INJECTION,0.0,00001garden|207|1|3,206,3,9,5,1,,,{},1,True,0,,00001garden,,1,1.0,,,1,,0.0,0.0,1,False,0,,[5],"{""0"": 5}",0,0.0,14,0,0
C2c-INJECTION,0.0,00001garden|207|1|3,206,3,10,5,1,,,{},1,True,0,,00001garden,,1,1.0,,,1,,0.0,0.0,1,False,0,,[5],"{""0"": 5}",0,0.0,14,0,0
C2c-INJECTION,0.0,00001garden|207|1|3,206,3,11,5,1,,,{},1,True,0,,00001garden,,1,1.0,,,1,,0.0,0.0,1,False,0,,[5],"{""0"": 5}",0,0.0,14,0,0
C2c-INJECTION,0.0,00001garden|207|1|3,206,3,12,5,1,,,{},1,True,0,,00001garden,,1,1.0,,,1,,0.0,0.0,1,False,0,,[5],"{""0"": 5}",0,0.0,14,0,0
C2c-INJECTION,0.0,00001garden|207|1|3,206,3,13,5,1,,,{},1,True,0,,00001garden,,1,1.0,,,1,,0.0,0.0,1,False,0,,[5],"{""0"": 5}",0,0.0,14,0,0
C2c-INJECTION,0.0,00001garden|207|1|3,206,3,14,5,1,,,{},1,True,0,,00001garden,,1,1.0,,,1,,0.0,0.0,1,False,0,,[5],"{""0"": 5}",0,0.0,14,0,0
C2c-INJECTION,0.0,00001garden|207|1|3,206,3,15,5,1,,,{},1,True,0,,00001garden,,1,1.0,,,1,,0.0,0.0,1,False,0,,[5],"{""0"": 5}",0,0.0,14,0,0
C2c-INJECTION,0.0,00001garden|207|1|3,206,3,16,5,1,,,{},1,True,0,,00001garden,,1,1.0,,,1,,0.0,0.0,1,False,0,,[5],"{""0"": 5}",0,0.0,13,0,0
C2c-INJECTION,0.0,00001garden|207|1|3,206,3,17,5,1,,,{},1,True,0,,00001garden,,1,1.0,,,1,,0.0,0.0,1,False,0,,[5],"{""0"": 5}",0,0.0,13,0,0
C2c-INJECTION,0.0,00001garden|207|1|3,206,3,18,5,1,,,{},1,True,0,,00001garden,,1,1.0,,,1,,0.0,0.0,1,False,0,,[5],"{""0"": 5}",0,0.0,12,0,0
C2c-INJECTION,0.0,00001garden|207|1|3,206,3,19,5,1,,,{},1,True,0,,00001garden,,1,1.0,,,1,,0.0,0.0,1,False,0,,[5],"{""0"": 5}",0,0.0,14,0,0
C2c-INJECTION,0.0,00001garden|207|1|3,206,3,20,5,1,,,{},1,True,0,,00001garden,,1,1.0,,,1,,0.0,0.0,1,False,0,,[5],"{""0"": 5}",0,0.0,12,0,0
_META,,00001garden|207|1|3,206,3,0,,,omitted_for_runtime,omitted_for_runtime,,,,,,00001garden,,,,,,,,,,,,,,,,,,,0,
SHAM,0.0,00001garden|208|1|3,207,13,1,53,1,,,{},52,True,0,,00001garden,,0,0.0,,,1,,1.0,1.0,1,False,1,,[52],"{""0"": 52}",0,0.0,14,0,0
SHAM,0.0,00001garden|208|1|3,207,13,2,53,1,,,{},52,True,0,,00001garden,,0,0.0,,,1,,1.0,1.0,1,False,1,,[52],"{""0"": 52}",0,0.0,14,0,0
SHAM,0.0,00001garden|208|1|3,207,13,3,53,1,,,{},52,True,0,,00001garden,,0,0.0,,,1,,1.0,1.0,1,False,1,,[52],"{""0"": 52}",0,0.0,14,0,0
SHAM,0.0,00001garden|208|1|3,207,13,4,53,1,,,{},52,True,0,,00001garden,,0,0.0,,,1,,1.0,1.0,1,False,1,,[52],"{""0"": 52}",0,0.0,14,0,0
SHAM,0.0,00001garden|208|1|3,207,13,5,53,1,,,{},52,True,0,,00001garden,,0,0.0,,,1,,1.0,1.0,1,False,1,,[52],"{""0"": 52}",0,0.0,14,0,0
SHAM,0.0,00001garden|208|1|3,207,13,6,53,1,,,{},52,True,0,,00001garden,,0,0.0,,,1,,1.0,1.0,1,False,1,,[52],"{""0"": 52}",0,0.0,14,0,0
SHAM,0.0,00001garden|208|1|3,207,13,7,53,1,,,{},52,True,0,,00001garden,,0,0.0,,,1,,1.0,1.0,1,False,1,,[52],"{""0"": 52}",0,0.0,13,0,0
SHAM,0.0,00001garden|208|1|3,207,13,8,53,1,,,{},52,True,0,,00001garden,,0,0.0,,,1,,1.0,1.0,1,False,1,,[52],"{""0"": 52}",0,0.0,14,0,0
SHAM,0.0,00001garden|208|1|3,207,13,9,53,1,,,{},52,True,0,,00001garden,,0,0.0,,,1,,1.0,1.0,1,False,1,,[52],"{""0"": 52}",0,0.0,14,0,0
SHAM,0.0,00001garden|208|1|3,207,13,10,53,1,,,{},52,True,0,,00001garden,,0,0.0,,,1,,1.0,1.0,1,False,1,,[52],"{""0"": 52}",0,0.0,14,0,0
SHAM,0.0,00001garden|208|1|3,207,13,11,53,1,,,{},52,True,0,,00001garden,,0,0.0,,,1,,1.0,1.0,1,False,1,,[52],"{""0"": 52}",0,0.0,14,0,0
SHAM,0.0,00001garden|208|1|3,207,13,12,53,1,,,{},52,True,0,,00001garden,,0,0.0,,,1,,1.0,1.0,1,False,1,,[52],"{""0"": 52}",0,0.0,14,0,0
SHAM,0.0,00001garden|208|1|3,207,13,13,53,1,,,{},52,True,0,,00001garden,,0,0.0,,,1,,1.0,1.0,1,False,1,,[52],"{""0"": 52}",0,0.0,14,0,0
SHAM,0.0,00001garden|208|1|3,207,13,14,53,1,,,{},52,True,0,,00001garden,,0,0.0,,,1,,1.0,1.0,1,False,1,,[52],"{""0"": 52}",0,0.0,14,0,0
SHAM,0.0,00001garden|208|1|3,207,13,15,53,1,,,{},52,True,0,,00001garden,,0,0.0,,,1,,1.0,1.0,1,False,1,,[52],"{""0"": 52}",0,0.0,13,0,0
SHAM,0.0,00001garden|208|1|3,207,13,16,53,1,,,{},52,True,0,,00001garden,,0,0.0,,,1,,1.0,1.0,1,False,1,,[52],"{""0"": 52}",0,0.0,13,0,0
SHAM,0.0,00001garden|208|1|3,207,13,17,53,1,,,{},52,True,0,,00001garden,,0,0.0,,,1,,1.0,1.0,1,False,1,,[52],"{""0"": 52}",0,0.0,12,0,0
SHAM,0.0,00001garden|208|1|3,207,13,18,53,1,,,{},52,True,0,,00001garden,,0,0.0,,,1,,1.0,1.0,1,False,1,,[52],"{""0"": 52}",0,0.0,14,0,0
SHAM,0.0,00001garden|208|1|3,207,13,19,53,1,,,{},52,True,0,,00001garden,,0,0.0,,,1,,1.0,1.0,1,False,1,,[52],"{""0"": 52}",0,0.0,12,0,0
SHAM,0.0,00001garden|208|1|3,207,13,20,53,1,,,{},52,True,0,,00001garden,,0,0.0,,,1,,1.0,1.0,1,False,1,,[52],"{""0"": 52}",0,0.0,12,0,0
C2c-INJECTION,,00001garden|208|1|3,207,13,1,53,1,,,{},52,False,0,baseline_anchor_mismatch,00001garden,baseline_anchor_mismatch,,,,,,,,,,True,,baseline_anchor_mismatch,,,,,0,0,0
C2c-INJECTION,,00001garden|208|1|3,207,13,2,53,1,,,{},52,False,0,baseline_anchor_mismatch,00001garden,baseline_anchor_mismatch,,,,,,,,,,True,,baseline_anchor_mismatch,,,,,0,0,0
C2c-INJECTION,,00001garden|208|1|3,207,13,3,53,1,,,{},52,False,0,baseline_anchor_mismatch,00001garden,baseline_anchor_mismatch,,,,,,,,,,True,,baseline_anchor_mismatch,,,,,0,0,0
C2c-INJECTION,,00001garden|208|1|3,207,13,4,53,1,,,{},52,False,0,baseline_anchor_mismatch,00001garden,baseline_anchor_mismatch,,,,,,,,,,True,,baseline_anchor_mismatch,,,,,0,0,0
C2c-INJECTION,,00001garden|208|1|3,207,13,5,53,1,,,{},52,False,0,baseline_anchor_mismatch,00001garden,baseline_anchor_mismatch,,,,,,,,,,True,,baseline_anchor_mismatch,,,,,0,0,0
C2c-INJECTION,,00001garden|208|1|3,207,13,6,53,1,,,{},52,False,0,baseline_anchor_mismatch,00001garden,baseline_anchor_mismatch,,,,,,,,,,True,,baseline_anchor_mismatch,,,,,0,0,0
C2c-INJECTION,,00001garden|208|1|3,207,13,7,53,1,,,{},52,False,0,baseline_anchor_mismatch,00001garden,baseline_anchor_mismatch,,,,,,,,,,True,,baseline_anchor_mismatch,,,,,0,0,0
C2c-INJECTION,,00001garden|208|1|3,207,13,8,53,1,,,{},52,False,0,baseline_anchor_mismatch,00001garden,baseline_anchor_mismatch,,,,,,,,,,True,,baseline_anchor_mismatch,,,,,0,0,0
C2c-INJECTION,,00001garden|208|1|3,207,13,9,53,1,,,{},52,False,0,baseline_anchor_mismatch,00001garden,baseline_anchor_mismatch,,,,,,,,,,True,,baseline_anchor_mismatch,,,,,0,0,0
C2c-INJECTION,,00001garden|208|1|3,207,13,10,53,1,,,{},52,False,0,baseline_anchor_mismatch,00001garden,baseline_anchor_mismatch,,,,,,,,,,True,,baseline_anchor_mismatch,,,,,0,0,0
C2c-INJECTION,,00001garden|208|1|3,207,13,11,53,1,,,{},52,False,0,baseline_anchor_mismatch,00001garden,baseline_anchor_mismatch,,,,,,,,,,True,,baseline_anchor_mismatch,,,,,0,0,0
C2c-INJECTION,,00001garden|208|1|3,207,13,12,53,1,,,{},52,False,0,baseline_anchor_mismatch,00001garden,baseline_anchor_mismatch,,,,,,,,,,True,,baseline_anchor_mismatch,,,,,0,0,0
C2c-INJECTION,,00001garden|208|1|3,207,13,13,53,1,,,{},52,False,0,baseline_anchor_mismatch,00001garden,baseline_anchor_mismatch,,,,,,,,,,True,,baseline_anchor_mismatch,,,,,0,0,0
C2c-INJECTION,,00001garden|208|1|3,207,13,14,53,1,,,{},52,False,0,baseline_anchor_mismatch,00001garden,baseline_anchor_mismatch,,,,,,,,,,True,,baseline_anchor_mismatch,,,,,0,0,0
C2c-INJECTION,,00001garden|208|1|3,207,13,15,53,1,,,{},52,False,0,baseline_anchor_mismatch,00001garden,baseline_anchor_mismatch,,,,,,,,,,True,,baseline_anchor_mismatch,,,,,0,0,0
C2c-INJECTION,,00001garden|208|1|3,207,13,16,53,1,,,{},52,False,0,baseline_anchor_mismatch,00001garden,baseline_anchor_mismatch,,,,,,,,,,True,,baseline_anchor_mismatch,,,,,0,0,0
C2c-INJECTION,,00001garden|208|1|3,207,13,17,53,1,,,{},52,False,0,baseline_anchor_mismatch,00001garden,baseline_anchor_mismatch,,,,,,,,,,True,,baseline_anchor_mismatch,,,,,0,0,0
C2c-INJECTION,,00001garden|208|1|3,207,13,18,53,1,,,{},52,False,0,baseline_anchor_mismatch,00001garden,baseline_anchor_mismatch,,,,,,,,,,True,,baseline_anchor_mismatch,,,,,0,0,0
C2c-INJECTION,,00001garden|208|1|3,207,13,19,53,1,,,{},52,False,0,baseline_anchor_mismatch,00001garden,baseline_anchor_mismatch,,,,,,,,,,True,,baseline_anchor_mismatch,,,,,0,0,0
C2c-INJECTION,,00001garden|208|1|3,207,13,20,53,1,,,{},52,False,0,baseline_anchor_mismatch,00001garden,baseline_anchor_mismatch,,,,,,,,,,True,,baseline_anchor_mismatch,,,,,0,0,0
_META,,00001garden|208|1|3,207,13,0,,,omitted_for_runtime,omitted_for_runtime,,,,,,00001garden,,,,,,,,,,,,,,,,,,,0,
SHAM,0.0,00001garden|248|1|4,247,3,1,5,7,,,{},5,True,0,,00001garden,,1,1.0,,,1,,0.0,0.0,1,False,0,,[5],"{""0"": 5}",0,0.0,13,0,0
SHAM,0.0,00001garden|248|1|4,247,3,2,5,7,,,{},5,True,0,,00001garden,,1,1.0,,,1,,0.0,0.0,1,False,0,,[5],"{""0"": 5}",0,0.0,13,0,0
SHAM,0.0,00001garden|248|1|4,247,3,3,5,7,,,{},5,True,0,,00001garden,,1,1.0,,,1,,0.0,0.0,1,False,0,,[5],"{""0"": 5}",0,0.0,13,0,0
SHAM,0.0,00001garden|248|1|4,247,3,4,5,7,,,{},5,True,0,,00001garden,,1,1.0,,,1,,0.0,0.0,1,False,0,,[5],"{""0"": 5}",0,0.0,13,0,0
SHAM,0.0,00001garden|248|1|4,247,3,5,5,7,,,{},5,True,0,,00001garden,,1,1.0,,,1,,0.0,0.0,1,False,0,,[5],"{""0"": 5}",0,0.0,13,0,0
SHAM,0.0,00001garden|248|1|4,247,3,6,5,7,,,{},5,True,0,,00001garden,,1,1.0,,,1,,0.0,0.0,1,False,0,,[5],"{""0"": 5}",0,0.0,13,0,0
SHAM,0.0,00001garden|248|1|4,247,3,7,5,7,,,{},5,True,0,,00001garden,,1,1.0,,,1,,0.0,0.0,1,False,0,,[5],"{""0"": 5}",0,0.0,13,0,0
SHAM,0.0,00001garden|248|1|4,247,3,8,5,7,,,{},5,True,0,,00001garden,,1,1.0,,,1,,0.0,0.0,1,False,0,,[5],"{""0"": 5}",0,0.0,13,0,0
SHAM,0.0,00001garden|248|1|4,247,3,9,5,7,,,{},5,True,0,,00001garden,,1,1.0,,,1,,0.0,0.0,1,False,0,,[5],"{""0"": 5}",0,0.0,13,0,0
SHAM,0.0,00001garden|248|1|4,247,3,10,5,7,,,{},5,True,0,,00001garden,,1,1.0,,,1,,0.0,0.0,1,False,0,,[5],"{""0"": 5}",0,0.0,13,0,0
SHAM,0.0,00001garden|248|1|4,247,3,11,5,7,,,{},5,True,0,,00001garden,,1,1.0,,,1,,0.0,0.0,1,False,0,,[5],"{""0"": 5}",0,0.0,13,0,0
SHAM,0.0,00001garden|248|1|4,247,3,12,5,7,,,{},5,True,0,,00001garden,,1,1.0,,,1,,0.0,0.0,1,False,0,,[5],"{""0"": 5}",0,0.0,13,0,0
SHAM,0.0,00001garden|248|1|4,247,3,13,5,7,,,{},5,True,0,,00001garden,,1,1.0,,,1,,0.0,0.0,1,False,0,,[5],"{""0"": 5}",0,0.0,13,0,0
SHAM,0.0,00001garden|248|1|4,247,3,14,5,7,,,{},5,True,0,,00001garden,,1,1.0,,,1,,0.0,0.0,1,False,0,,[5],"{""0"": 5}",0,0.0,12,0,0
SHAM,0.0,00001garden|248|1|4,247,3,15,5,7,,,{},5,True,0,,00001garden,,1,1.0,,,1,,0.0,0.0,1,False,0,,[5],"{""0"": 5}",0,0.0,12,0,0
SHAM,0.0,00001garden|248|1|4,247,3,16,5,7,,,{},5,True,0,,00001garden,,1,1.0,,,1,,0.0,0.0,1,False,0,,[5],"{""0"": 5}",0,0.0,12,0,0
SHAM,0.0,00001garden|248|1|4,247,3,17,5,7,,,{},5,True,0,,00001garden,,1,1.0,,,1,,0.0,0.0,1,False,0,,[5],"{""0"": 5}",0,0.0,12,0,0
SHAM,0.0,00001garden|248|1|4,247,3,18,5,7,,,{},5,True,0,,00001garden,,1,1.0,,,1,,0.0,0.0,1,False,0,,[5],"{""0"": 5}",0,0.0,13,0,0
SHAM,0.0,00001garden|248|1|4,247,3,19,5,7,,,{},5,True,0,,00001garden,,1,1.0,,,1,,0.0,0.0,1,False,0,,[5],"{""0"": 5}",0,0.0,13,0,0
SHAM,0.0,00001garden|248|1|4,247,3,20,5,7,,,{},5,True,0,,00001garden,,1,1.0,,,1,,0.0,0.0,1,False,0,,[5],"{""0"": 5}",0,0.0,13,0,0
C2c-INJECTION,0.0,00001garden|248|1|4,247,3,1,5,7,,,{},7,True,0,,00001garden,,1,1.0,,,1,,0.0,0.0,1,False,0,,[5],"{""0"": 5}",0,0.0,13,0,0
C2c-INJECTION,0.0,00001garden|248|1|4,247,3,2,5,7,,,{},7,True,0,,00001garden,,1,1.0,,,1,,0.0,0.0,1,False,0,,[5],"{""0"": 5}",0,0.0,13,0,0
C2c-INJECTION,0.0,00001garden|248|1|4,247,3,3,5,7,,,{},7,True,0,,00001garden,,1,1.0,,,1,,0.0,0.0,1,False,0,,[5],"{""0"": 5}",0,0.0,13,0,0
C2c-INJECTION,0.0,00001garden|248|1|4,247,3,4,5,7,,,{},7,True,0,,00001garden,,1,1.0,,,1,,0.0,0.0,1,False,0,,[5],"{""0"": 5}",0,0.0,13,0,0
C2c-INJECTION,0.0,00001garden|248|1|4,247,3,5,5,7,,,{},7,True,0,,00001garden,,1,1.0,,,1,,0.0,0.0,1,False,0,,[5],"{""0"": 5}",0,0.0,13,0,0
C2c-INJECTION,0.0,00001garden|248|1|4,247,3,6,5,7,,,{},7,True,0,,00001garden,,1,1.0,,,1,,0.0,0.0,1,False,0,,[5],"{""0"": 5}",0,0.0,13,0,0
C2c-INJECTION,0.0,00001garden|248|1|4,247,3,7,5,7,,,{},7,True,0,,00001garden,,1,1.0,,,1,,0.0,0.0,1,False,0,,[5],"{""0"": 5}",0,0.0,13,0,0
C2c-INJECTION,0.0,00001garden|248|1|4,247,3,8,5,7,,,{},7,True,0,,00001garden,,1,1.0,,,1,,0.0,0.0,1,False,0,,[5],"{""0"": 5}",0,0.0,13,0,0
C2c-INJECTION,0.0,00001garden|248|1|4,247,3,9,5,7,,,{},7,True,0,,00001garden,,1,1.0,,,1,,0.0,0.0,1,False,0,,[5],"{""0"": 5}",0,0.0,13,0,0
C2c-INJECTION,0.0,00001garden|248|1|4,247,3,10,5,7,,,{},7,True,0,,00001garden,,1,1.0,,,1,,0.0,0.0,1,False,0,,[5],"{""0"": 5}",0,0.0,13,0,0
C2c-INJECTION,0.0,00001garden|248|1|4,247,3,11,5,7,,,{},7,True,0,,00001garden,,1,1.0,,,1,,0.0,0.0,1,False,0,,[5],"{""0"": 5}",0,0.0,13,0,0
C2c-INJECTION,0.0,00001garden|248|1|4,247,3,12,5,7,,,{},7,True,0,,00001garden,,1,1.0,,,1,,0.0,0.0,1,False,0,,[5],"{""0"": 5}",0,0.0,13,0,0
C2c-INJECTION,0.0,00001garden|248|1|4,247,3,13,5,7,,,{},7,True,0,,00001garden,,1,1.0,,,1,,0.0,0.0,1,False,0,,[5],"{""0"": 5}",0,0.0,13,0,0
C2c-INJECTION,0.0,00001garden|248|1|4,247,3,14,5,7,,,{},7,True,0,,00001garden,,1,1.0,,,1,,0.0,0.0,1,False,0,,[5],"{""0"": 5}",0,0.0,12,0,0
C2c-INJECTION,0.0,00001garden|248|1|4,247,3,15,5,7,,,{},7,True,0,,00001garden,,1,1.0,,,1,,0.0,0.0,1,False,0,,[5],"{""0"": 5}",0,0.0,12,0,0
C2c-INJECTION,0.0,00001garden|248|1|4,247,3,16,5,7,,,{},7,True,0,,00001garden,,1,1.0,,,1,,0.0,0.0,1,False,0,,[5],"{""0"": 5}",0,0.0,12,0,0
C2c-INJECTION,0.0,00001garden|248|1|4,247,3,17,5,7,,,{},7,True,0,,00001garden,,1,1.0,,,1,,0.0,0.0,1,False,0,,[5],"{""0"": 5}",0,0.0,12,0,0
C2c-INJECTION,0.0,00001garden|248|1|4,247,3,18,5,7,,,{},7,True,0,,00001garden,,1,1.0,,,1,,0.0,0.0,1,False,0,,[5],"{""0"": 5}",0,0.0,13,0,0
C2c-INJECTION,0.0,00001garden|248|1|4,247,3,19,5,7,,,{},7,True,0,,00001garden,,1,1.0,,,1,,0.0,0.0,1,False,0,,[5],"{""0"": 5}",0,0.0,13,0,0
C2c-INJECTION,0.0,00001garden|248|1|4,247,3,20,5,7,,,{},7,True,0,,00001garden,,1,1.0,,,1,,0.0,0.0,1,False,0,,[5],"{""0"": 5}",0,0.0,13,0,0
_META,,00001garden|248|1|4,247,3,0,,,omitted_for_runtime,omitted_for_runtime,,,,,,00001garden,,,,,,,,,,,,,,,,,,,0,
