event_id,scene_effect,gt_id_effect,event_frame_effect,horizon,estimable_effect,applied_effect,apply_reason_effect,error_effect,n_future_observations_effect,cross_view_error_effect,target_id_effect,target_source_effect,scene_sham,gt_id_sham,event_frame_sham,estimable_sham,applied_sham,apply_reason_sham,error_sham,n_future_observations_sham,cross_view_error_sham,target_id_sham,target_source_sham,difference,cross_view_difference,scene,intervention
correction_000000,00001garden,2,2,1,True,True,applied,0.0,2,0.0,8,C1 Oracle correction,00001garden,2,2,True,True,applied,0.5,2,0.0,8,sham,-0.5,0.0,00001garden,C1 Oracle correction
correction_000000,00001garden,2,2,2,True,True,applied,0.0,2,0.0,8,C1 Oracle correction,00001garden,2,2,True,True,applied,0.5,2,0.0,8,sham,-0.5,0.0,00001garden,C1 Oracle correction
correction_000000,00001garden,2,2,5,True,True,applied,0.0,2,0.0,8,C1 Oracle correction,00001garden,2,2,True,True,applied,0.5,2,0.0,8,sham,-0.5,0.0,00001garden,C1 Oracle correction
correction_000000,00001garden,2,2,10,True,True,applied,0.0,2,0.0,8,C1 Oracle correction,00001garden,2,2,True,True,applied,0.5,2,0.0,8,sham,-0.5,0.0,00001garden,C1 Oracle correction
correction_000000,00001garden,2,2,20,True,True,applied,0.0,2,0.0,8,C1 Oracle correction,00001garden,2,2,True,True,applied,0.5,2,0.0,8,sham,-0.5,0.0,00001garden,C1 Oracle correction
correction_000001,00001garden,2,23,1,True,True,applied,0.0,2,0.0,8,C1 Oracle correction,00001garden,2,23,True,True,applied,0.5,2,0.0,8,sham,-0.5,0.0,00001garden,C1 Oracle correction
correction_000001,00001garden,2,23,2,True,True,applied,0.0,2,0.0,8,C1 Oracle correction,00001garden,2,23,True,True,applied,0.5,2,0.0,8,sham,-0.5,0.0,00001garden,C1 Oracle correction
correction_000001,00001garden,2,23,5,True,True,applied,0.0,2,0.0,8,C1 Oracle correction,00001garden,2,23,True,True,applied,0.5,2,0.0,8,sham,-0.5,0.0,00001garden,C1 Oracle correction
correction_000001,00001garden,2,23,10,True,True,applied,0.0,2,0.0,8,C1 Oracle correction,00001garden,2,23,True,True,applied,0.5,2,0.0,8,sham,-0.5,0.0,00001garden,C1 Oracle correction
correction_000001,00001garden,2,23,20,True,True,applied,0.0,2,0.0,8,C1 Oracle correction,00001garden,2,23,True,True,applied,0.5,2,0.0,8,sham,-0.5,0.0,00001garden,C1 Oracle correction
correction_000002,00001garden,2,44,1,True,True,applied,0.0,2,0.0,8,C1 Oracle correction,00001garden,2,44,True,True,applied,0.5,2,0.0,8,sham,-0.5,0.0,00001garden,C1 Oracle correction
correction_000002,00001garden,2,44,2,True,True,applied,0.0,2,0.0,8,C1 Oracle correction,00001garden,2,44,True,True,applied,0.5,2,0.0,8,sham,-0.5,0.0,00001garden,C1 Oracle correction
correction_000002,00001garden,2,44,5,True,True,applied,0.0,2,0.0,8,C1 Oracle correction,00001garden,2,44,True,True,applied,0.5,2,0.0,8,sham,-0.5,0.0,00001garden,C1 Oracle correction
correction_000002,00001garden,2,44,10,True,True,applied,0.0,2,0.0,8,C1 Oracle correction,00001garden,2,44,True,True,applied,0.5,2,0.0,8,sham,-0.5,0.0,00001garden,C1 Oracle correction
correction_000002,00001garden,2,44,20,True,True,applied,0.0,2,0.0,8,C1 Oracle correction,00001garden,2,44,True,True,applied,0.5,2,0.0,8,sham,-0.5,0.0,00001garden,C1 Oracle correction
correction_000003,00001garden,2,65,1,True,True,applied,0.0,2,0.0,8,C1 Oracle correction,00001garden,2,65,True,True,applied,0.5,2,0.0,8,sham,-0.5,0.0,00001garden,C1 Oracle correction
correction_000003,00001garden,2,65,2,True,True,applied,0.0,2,0.0,8,C1 Oracle correction,00001garden,2,65,True,True,applied,0.5,2,0.0,8,sham,-0.5,0.0,00001garden,C1 Oracle correction
correction_000003,00001garden,2,65,5,True,True,applied,0.0,2,0.0,8,C1 Oracle correction,00001garden,2,65,True,True,applied,0.5,2,0.0,8,sham,-0.5,0.0,00001garden,C1 Oracle correction
correction_000003,00001garden,2,65,10,True,True,applied,0.0,2,0.0,8,C1 Oracle correction,00001garden,2,65,True,True,applied,0.5,2,0.0,8,sham,-0.5,0.0,00001garden,C1 Oracle correction
correction_000003,00001garden,2,65,20,True,True,applied,0.0,2,0.0,8,C1 Oracle correction,00001garden,2,65,True,True,applied,0.0,2,0.0,8,sham,0.0,0.0,00001garden,C1 Oracle correction
correction_000004,00001garden,9,84,1,True,True,applied,1.0,1,,37,C1 Oracle correction,00001garden,9,84,True,True,applied,0.0,1,,37,sham,1.0,,00001garden,C1 Oracle correction
correction_000004,00001garden,9,84,2,True,True,applied,1.0,1,,37,C1 Oracle correction,00001garden,9,84,True,True,applied,0.0,1,,37,sham,1.0,,00001garden,C1 Oracle correction
correction_000004,00001garden,9,84,5,True,True,applied,1.0,1,,37,C1 Oracle correction,00001garden,9,84,True,True,applied,0.0,1,,37,sham,1.0,,00001garden,C1 Oracle correction
correction_000004,00001garden,9,84,10,True,True,applied,1.0,1,,37,C1 Oracle correction,00001garden,9,84,True,True,applied,0.0,1,,37,sham,1.0,,00001garden,C1 Oracle correction
correction_000004,00001garden,9,84,20,True,True,applied,1.0,1,,37,C1 Oracle correction,00001garden,9,84,True,True,applied,0.0,1,,37,sham,1.0,,00001garden,C1 Oracle correction
correction_000005,00001garden,6,486,1,True,True,applied,0.0,2,0.0,4,C1 Oracle correction,00001garden,6,486,True,True,applied,0.0,2,0.0,4,sham,0.0,0.0,00001garden,C1 Oracle correction
correction_000005,00001garden,6,486,2,True,True,applied,0.0,2,0.0,4,C1 Oracle correction,00001garden,6,486,True,True,applied,0.0,2,0.0,4,sham,0.0,0.0,00001garden,C1 Oracle correction
correction_000005,00001garden,6,486,5,True,True,applied,0.5,2,0.0,4,C1 Oracle correction,00001garden,6,486,True,True,applied,0.5,2,0.0,4,sham,0.0,0.0,00001garden,C1 Oracle correction
correction_000005,00001garden,6,486,10,True,True,applied,0.5,2,0.0,4,C1 Oracle correction,00001garden,6,486,True,True,applied,0.0,2,0.0,4,sham,0.5,0.0,00001garden,C1 Oracle correction
correction_000005,00001garden,6,486,20,True,True,applied,0.0,2,0.0,4,C1 Oracle correction,00001garden,6,486,True,True,applied,0.0,2,0.0,4,sham,0.0,0.0,00001garden,C1 Oracle correction
correction_000007,00001garden,17,843,1,True,True,applied,1.0,1,,122,C1 Oracle correction,00001garden,17,843,True,True,applied,1.0,1,,122,sham,0.0,,00001garden,C1 Oracle correction
correction_000007,00001garden,17,843,2,True,True,applied,1.0,1,,122,C1 Oracle correction,00001garden,17,843,True,True,applied,1.0,1,,122,sham,0.0,,00001garden,C1 Oracle correction
correction_000007,00001garden,17,843,5,True,True,applied,1.0,1,,122,C1 Oracle correction,00001garden,17,843,True,True,applied,1.0,1,,122,sham,0.0,,00001garden,C1 Oracle correction
correction_000007,00001garden,17,843,10,True,True,applied,1.0,1,,122,C1 Oracle correction,00001garden,17,843,True,True,applied,1.0,1,,122,sham,0.0,,00001garden,C1 Oracle correction
correction_000007,00001garden,17,843,20,True,True,applied,1.0,1,,122,C1 Oracle correction,00001garden,17,843,True,True,applied,1.0,1,,122,sham,0.0,,00001garden,C1 Oracle correction
correction_000008,00001garden,17,864,1,True,True,applied,1.0,1,,122,C1 Oracle correction,00001garden,17,864,True,True,applied,1.0,1,,122,sham,0.0,,00001garden,C1 Oracle correction
correction_000008,00001garden,17,864,2,True,True,applied,1.0,1,,122,C1 Oracle correction,00001garden,17,864,True,True,applied,1.0,1,,122,sham,0.0,,00001garden,C1 Oracle correction
correction_000008,00001garden,17,864,5,True,True,applied,1.0,1,,122,C1 Oracle correction,00001garden,17,864,True,True,applied,1.0,1,,122,sham,0.0,,00001garden,C1 Oracle correction
correction_000008,00001garden,17,864,10,True,True,applied,1.0,1,,122,C1 Oracle correction,00001garden,17,864,True,True,applied,1.0,1,,122,sham,0.0,,00001garden,C1 Oracle correction
correction_000008,00001garden,17,864,20,True,True,applied,1.0,1,,122,C1 Oracle correction,00001garden,17,864,True,True,applied,1.0,1,,122,sham,0.0,,00001garden,C1 Oracle correction
correction_000009,00001garden,5,1004,1,True,True,applied,0.0,1,0.0,7,C1 Oracle correction,00001garden,5,1004,True,True,applied,0.0,1,0.0,7,sham,0.0,0.0,00001garden,C1 Oracle correction
correction_000010,00003garden,6,283,1,True,True,applied,0.0,1,,12,C1 Oracle correction,00003garden,6,283,True,True,applied,0.0,1,,12,sham,0.0,,00003garden,C1 Oracle correction
correction_000010,00003garden,6,283,2,True,True,applied,0.0,1,,12,C1 Oracle correction,00003garden,6,283,True,True,applied,0.0,1,,12,sham,0.0,,00003garden,C1 Oracle correction
correction_000010,00003garden,6,283,5,True,True,applied,0.0,1,,12,C1 Oracle correction,00003garden,6,283,True,True,applied,0.0,1,,12,sham,0.0,,00003garden,C1 Oracle correction
correction_000010,00003garden,6,283,10,True,True,applied,0.0,1,,12,C1 Oracle correction,00003garden,6,283,True,True,applied,0.0,1,,12,sham,0.0,,00003garden,C1 Oracle correction
correction_000010,00003garden,6,283,20,True,True,applied,0.0,1,,12,C1 Oracle correction,00003garden,6,283,True,True,applied,0.0,1,,12,sham,0.0,,00003garden,C1 Oracle correction
correction_000011,00003garden,4,507,1,True,True,applied,1.0,1,,3,C1 Oracle correction,00003garden,4,507,True,True,applied,1.0,1,,3,sham,0.0,,00003garden,C1 Oracle correction
correction_000011,00003garden,4,507,5,True,True,applied,0.0,1,,3,C1 Oracle correction,00003garden,4,507,True,True,applied,0.0,1,,3,sham,0.0,,00003garden,C1 Oracle correction
correction_000011,00003garden,4,507,10,True,True,applied,0.0,1,,3,C1 Oracle correction,00003garden,4,507,True,True,applied,0.0,1,,3,sham,0.0,,00003garden,C1 Oracle correction
correction_000011,00003garden,4,507,20,True,True,applied,0.0,1,,3,C1 Oracle correction,00003garden,4,507,True,True,applied,0.0,1,,3,sham,0.0,,00003garden,C1 Oracle correction
correction_000012,00003garden,4,756,1,True,True,applied,1.0,1,,3,C1 Oracle correction,00003garden,4,756,True,True,applied,1.0,1,,3,sham,0.0,,00003garden,C1 Oracle correction
correction_000012,00003garden,4,756,2,True,True,applied,1.0,1,,3,C1 Oracle correction,00003garden,4,756,True,True,applied,1.0,1,,3,sham,0.0,,00003garden,C1 Oracle correction
correction_000012,00003garden,4,756,5,True,True,applied,1.0,1,,3,C1 Oracle correction,00003garden,4,756,True,True,applied,1.0,1,,3,sham,0.0,,00003garden,C1 Oracle correction
correction_000012,00003garden,4,756,10,True,True,applied,1.0,1,,3,C1 Oracle correction,00003garden,4,756,True,True,applied,1.0,1,,3,sham,0.0,,00003garden,C1 Oracle correction
correction_000012,00003garden,4,756,20,True,True,applied,1.0,1,,3,C1 Oracle correction,00003garden,4,756,True,True,applied,1.0,1,,3,sham,0.0,,00003garden,C1 Oracle correction
correction_000013,00003garden,4,777,1,True,True,applied,1.0,1,,3,C1 Oracle correction,00003garden,4,777,True,True,applied,1.0,1,,3,sham,0.0,,00003garden,C1 Oracle correction
correction_000013,00003garden,4,777,2,True,True,applied,1.0,1,,3,C1 Oracle correction,00003garden,4,777,True,True,applied,1.0,1,,3,sham,0.0,,00003garden,C1 Oracle correction
correction_000013,00003garden,4,777,5,True,True,applied,1.0,1,,3,C1 Oracle correction,00003garden,4,777,True,True,applied,1.0,1,,3,sham,0.0,,00003garden,C1 Oracle correction
correction_000013,00003garden,4,777,10,True,True,applied,1.0,1,,3,C1 Oracle correction,00003garden,4,777,True,True,applied,1.0,1,,3,sham,0.0,,00003garden,C1 Oracle correction
correction_000013,00003garden,4,777,20,True,True,applied,1.0,1,,3,C1 Oracle correction,00003garden,4,777,True,True,applied,1.0,1,,3,sham,0.0,,00003garden,C1 Oracle correction
correction_000014,00003garden,4,798,5,True,True,applied,1.0,1,,64,C1 Oracle correction,00003garden,4,798,True,True,applied,1.0,1,,64,sham,0.0,,00003garden,C1 Oracle correction
correction_000015,00003garden,4,898,1,True,True,applied,1.0,1,,191,C1 Oracle correction,00003garden,4,898,True,True,applied,1.0,1,,191,sham,0.0,,00003garden,C1 Oracle correction
correction_000015,00003garden,4,898,2,True,True,applied,1.0,1,,191,C1 Oracle correction,00003garden,4,898,True,True,applied,1.0,1,,191,sham,0.0,,00003garden,C1 Oracle correction
correction_000015,00003garden,4,898,5,True,True,applied,1.0,1,,191,C1 Oracle correction,00003garden,4,898,True,True,applied,1.0,1,,191,sham,0.0,,00003garden,C1 Oracle correction
correction_000015,00003garden,4,898,10,True,True,applied,1.0,1,,191,C1 Oracle correction,00003garden,4,898,True,True,applied,1.0,1,,191,sham,0.0,,00003garden,C1 Oracle correction
correction_000015,00003garden,4,898,20,True,True,applied,1.0,2,1.0,191,C1 Oracle correction,00003garden,4,898,True,True,applied,1.0,2,1.0,191,sham,0.0,0.0,00003garden,C1 Oracle correction
correction_000016,00003garden,4,919,1,True,True,applied,1.0,2,1.0,142,C1 Oracle correction,00003garden,4,919,True,True,applied,0.5,2,0.0,142,sham,0.5,1.0,00003garden,C1 Oracle correction
correction_000016,00003garden,4,919,2,True,True,applied,1.0,2,1.0,142,C1 Oracle correction,00003garden,4,919,True,True,applied,0.5,2,0.0,142,sham,0.5,1.0,00003garden,C1 Oracle correction
correction_000016,00003garden,4,919,5,True,True,applied,1.0,2,1.0,142,C1 Oracle correction,00003garden,4,919,True,True,applied,0.5,2,0.0,142,sham,0.5,1.0,00003garden,C1 Oracle correction
correction_000016,00003garden,4,919,10,True,True,applied,1.0,2,1.0,142,C1 Oracle correction,00003garden,4,919,True,True,applied,0.5,2,0.0,142,sham,0.5,1.0,00003garden,C1 Oracle correction
correction_000016,00003garden,4,919,20,True,True,applied,1.0,2,1.0,142,C1 Oracle correction,00003garden,4,919,True,True,applied,0.5,2,0.0,142,sham,0.5,1.0,00003garden,C1 Oracle correction
correction_000017,00003garden,4,941,1,True,True,applied,1.0,2,1.0,142,C1 Oracle correction,00003garden,4,941,True,True,applied,0.5,2,0.0,142,sham,0.5,1.0,00003garden,C1 Oracle correction
correction_000017,00003garden,4,941,2,True,True,applied,1.0,2,1.0,142,C1 Oracle correction,00003garden,4,941,True,True,applied,0.5,2,0.0,142,sham,0.5,1.0,00003garden,C1 Oracle correction
correction_000017,00003garden,4,941,5,True,True,applied,1.0,2,1.0,142,C1 Oracle correction,00003garden,4,941,True,True,applied,0.5,2,0.0,142,sham,0.5,1.0,00003garden,C1 Oracle correction
correction_000017,00003garden,4,941,10,True,True,applied,1.0,2,1.0,142,C1 Oracle correction,00003garden,4,941,True,True,applied,0.0,2,0.0,142,sham,1.0,1.0,00003garden,C1 Oracle correction
correction_000017,00003garden,4,941,20,True,True,applied,1.0,2,1.0,142,C1 Oracle correction,00003garden,4,941,True,True,applied,0.0,2,0.0,142,sham,1.0,1.0,00003garden,C1 Oracle correction
correction_000018,00003garden,4,1076,1,True,True,applied,1.0,2,1.0,142,C1 Oracle correction,00003garden,4,1076,True,True,applied,0.0,2,0.0,142,sham,1.0,1.0,00003garden,C1 Oracle correction
correction_000018,00003garden,4,1076,2,True,True,applied,1.0,2,1.0,142,C1 Oracle correction,00003garden,4,1076,True,True,applied,0.0,2,0.0,142,sham,1.0,1.0,00003garden,C1 Oracle correction
correction_000018,00003garden,4,1076,5,True,True,applied,1.0,2,1.0,142,C1 Oracle correction,00003garden,4,1076,True,True,applied,0.5,2,0.0,142,sham,0.5,1.0,00003garden,C1 Oracle correction
correction_000018,00003garden,4,1076,10,True,True,applied,1.0,1,1.0,142,C1 Oracle correction,00003garden,4,1076,True,True,applied,0.0,1,0.0,142,sham,1.0,1.0,00003garden,C1 Oracle correction
correction_000018,00003garden,4,1076,20,True,True,applied,1.0,1,1.0,142,C1 Oracle correction,00003garden,4,1076,True,True,applied,0.0,1,0.0,142,sham,1.0,1.0,00003garden,C1 Oracle correction
correction_000019,00003garden,4,1252,1,True,True,applied,1.0,1,,142,C1 Oracle correction,00003garden,4,1252,True,True,applied,1.0,1,,142,sham,0.0,,00003garden,C1 Oracle correction
correction_000019,00003garden,4,1252,10,True,True,applied,1.0,1,,142,C1 Oracle correction,00003garden,4,1252,True,True,applied,0.0,1,,142,sham,1.0,,00003garden,C1 Oracle correction
correction_000019,00003garden,4,1252,20,True,True,applied,1.0,1,,142,C1 Oracle correction,00003garden,4,1252,True,True,applied,0.0,1,,142,sham,1.0,,00003garden,C1 Oracle correction
correction_000020,00003garden,6,1260,5,True,True,applied,1.0,1,,12,C1 Oracle correction,00003garden,6,1260,True,True,applied,1.0,1,,12,sham,0.0,,00003garden,C1 Oracle correction
correction_000020,00003garden,6,1260,10,True,True,applied,1.0,1,,12,C1 Oracle correction,00003garden,6,1260,True,True,applied,1.0,1,,12,sham,0.0,,00003garden,C1 Oracle correction
correction_000021,00003garden,10,1289,1,True,True,applied,1.0,1,,289,C1 Oracle correction,00003garden,10,1289,True,True,applied,1.0,1,,289,sham,0.0,,00003garden,C1 Oracle correction
correction_000021,00003garden,10,1289,2,True,True,applied,1.0,1,,289,C1 Oracle correction,00003garden,10,1289,True,True,applied,1.0,1,,289,sham,0.0,,00003garden,C1 Oracle correction
correction_000021,00003garden,10,1289,5,True,True,applied,1.0,1,,289,C1 Oracle correction,00003garden,10,1289,True,True,applied,1.0,1,,289,sham,0.0,,00003garden,C1 Oracle correction
correction_000021,00003garden,10,1289,10,True,True,applied,1.0,1,,289,C1 Oracle correction,00003garden,10,1289,True,True,applied,1.0,1,,289,sham,0.0,,00003garden,C1 Oracle correction
correction_000021,00003garden,10,1289,20,True,True,applied,1.0,1,,289,C1 Oracle correction,00003garden,10,1289,True,True,applied,1.0,1,,289,sham,0.0,,00003garden,C1 Oracle correction
correction_000022,00003garden,10,1567,1,True,True,applied,1.0,2,1.0,284,C1 Oracle correction,00003garden,10,1567,True,True,applied,0.5,2,0.0,284,sham,0.5,1.0,00003garden,C1 Oracle correction
correction_000022,00003garden,10,1567,2,True,True,applied,1.0,2,1.0,284,C1 Oracle correction,00003garden,10,1567,True,True,applied,0.5,2,0.0,284,sham,0.5,1.0,00003garden,C1 Oracle correction
correction_000022,00003garden,10,1567,5,True,True,applied,1.0,2,1.0,284,C1 Oracle correction,00003garden,10,1567,True,True,applied,0.5,2,0.0,284,sham,0.5,1.0,00003garden,C1 Oracle correction
correction_000022,00003garden,10,1567,10,True,True,applied,1.0,2,1.0,284,C1 Oracle correction,00003garden,10,1567,True,True,applied,0.5,2,0.0,284,sham,0.5,1.0,00003garden,C1 Oracle correction
correction_000022,00003garden,10,1567,20,True,True,applied,1.0,2,1.0,284,C1 Oracle correction,00003garden,10,1567,True,True,applied,0.5,2,0.0,284,sham,0.5,1.0,00003garden,C1 Oracle correction
correction_000023,00003garden,10,1588,1,True,True,applied,1.0,2,1.0,284,C1 Oracle correction,00003garden,10,1588,True,True,applied,0.5,2,0.0,284,sham,0.5,1.0,00003garden,C1 Oracle correction
correction_000023,00003garden,10,1588,2,True,True,applied,1.0,2,1.0,284,C1 Oracle correction,00003garden,10,1588,True,True,applied,0.5,2,0.0,284,sham,0.5,1.0,00003garden,C1 Oracle correction
correction_000023,00003garden,10,1588,5,True,True,applied,1.0,2,1.0,284,C1 Oracle correction,00003garden,10,1588,True,True,applied,0.5,2,0.0,284,sham,0.5,1.0,00003garden,C1 Oracle correction
correction_000023,00003garden,10,1588,10,True,True,applied,1.0,2,1.0,284,C1 Oracle correction,00003garden,10,1588,True,True,applied,0.5,2,0.0,284,sham,0.5,1.0,00003garden,C1 Oracle correction
correction_000023,00003garden,10,1588,20,True,True,applied,1.0,2,1.0,284,C1 Oracle correction,00003garden,10,1588,True,True,applied,0.5,2,0.0,284,sham,0.5,1.0,00003garden,C1 Oracle correction
correction_000024,00003garden,10,1609,1,True,True,applied,1.0,2,1.0,284,C1 Oracle correction,00003garden,10,1609,True,True,applied,0.5,2,0.0,284,sham,0.5,1.0,00003garden,C1 Oracle correction
correction_000024,00003garden,10,1609,2,True,True,applied,1.0,2,1.0,284,C1 Oracle correction,00003garden,10,1609,True,True,applied,0.5,2,0.0,284,sham,0.5,1.0,00003garden,C1 Oracle correction
correction_000024,00003garden,10,1609,5,True,True,applied,1.0,2,1.0,284,C1 Oracle correction,00003garden,10,1609,True,True,applied,0.5,2,0.0,284,sham,0.5,1.0,00003garden,C1 Oracle correction
correction_000024,00003garden,10,1609,10,True,True,applied,1.0,2,1.0,284,C1 Oracle correction,00003garden,10,1609,True,True,applied,0.5,2,0.0,284,sham,0.5,1.0,00003garden,C1 Oracle correction
correction_000024,00003garden,10,1609,20,True,True,applied,1.0,2,1.0,284,C1 Oracle correction,00003garden,10,1609,True,True,applied,0.5,2,0.0,284,sham,0.5,1.0,00003garden,C1 Oracle correction
correction_000025,00005garden,4,6,1,True,True,applied,0.5,2,0.0,4,C1 Oracle correction,00005garden,4,6,True,True,applied,0.5,2,0.0,4,sham,0.0,0.0,00005garden,C1 Oracle correction
correction_000025,00005garden,4,6,2,True,True,applied,0.5,2,0.0,4,C1 Oracle correction,00005garden,4,6,True,True,applied,0.5,2,0.0,4,sham,0.0,0.0,00005garden,C1 Oracle correction
correction_000025,00005garden,4,6,5,True,True,applied,1.0,2,1.0,4,C1 Oracle correction,00005garden,4,6,True,True,applied,1.0,2,1.0,4,sham,0.0,0.0,00005garden,C1 Oracle correction
correction_000025,00005garden,4,6,10,True,True,applied,1.0,2,1.0,4,C1 Oracle correction,00005garden,4,6,True,True,applied,1.0,2,1.0,4,sham,0.0,0.0,00005garden,C1 Oracle correction
correction_000025,00005garden,4,6,20,True,True,applied,1.0,2,1.0,4,C1 Oracle correction,00005garden,4,6,True,True,applied,1.0,2,1.0,4,sham,0.0,0.0,00005garden,C1 Oracle correction
correction_000026,00005garden,5,10,1,True,True,applied,0.5,2,0.0,1,C1 Oracle correction,00005garden,5,10,True,True,applied,0.5,2,0.0,1,sham,0.0,0.0,00005garden,C1 Oracle correction
correction_000026,00005garden,5,10,2,True,True,applied,0.5,2,0.0,1,C1 Oracle correction,00005garden,5,10,True,True,applied,0.5,2,0.0,1,sham,0.0,0.0,00005garden,C1 Oracle correction
correction_000026,00005garden,5,10,5,True,True,applied,0.5,2,0.0,1,C1 Oracle correction,00005garden,5,10,True,True,applied,0.5,2,0.0,1,sham,0.0,0.0,00005garden,C1 Oracle correction
correction_000026,00005garden,5,10,10,True,True,applied,0.5,2,0.0,1,C1 Oracle correction,00005garden,5,10,True,True,applied,0.5,2,0.0,1,sham,0.0,0.0,00005garden,C1 Oracle correction
correction_000026,00005garden,5,10,20,True,True,applied,0.5,2,0.0,1,C1 Oracle correction,00005garden,5,10,True,True,applied,0.5,2,0.0,1,sham,0.0,0.0,00005garden,C1 Oracle correction
correction_000027,00005garden,15,27,2,True,True,applied,1.0,1,,23,C1 Oracle correction,00005garden,15,27,True,True,applied,1.0,1,,23,sham,0.0,,00005garden,C1 Oracle correction
correction_000028,00005garden,4,28,1,True,True,applied,1.0,2,1.0,50,C1 Oracle correction,00005garden,4,28,True,True,applied,0.5,2,0.0,50,sham,0.5,1.0,00005garden,C1 Oracle correction
correction_000028,00005garden,4,28,2,True,True,applied,1.0,2,1.0,50,C1 Oracle correction,00005garden,4,28,True,True,applied,0.5,2,0.0,50,sham,0.5,1.0,00005garden,C1 Oracle correction
correction_000028,00005garden,4,28,5,True,True,applied,1.0,2,1.0,50,C1 Oracle correction,00005garden,4,28,True,True,applied,0.5,2,0.0,50,sham,0.5,1.0,00005garden,C1 Oracle correction
correction_000028,00005garden,4,28,10,True,True,applied,1.0,2,1.0,50,C1 Oracle correction,00005garden,4,28,True,True,applied,0.5,2,0.0,50,sham,0.5,1.0,00005garden,C1 Oracle correction
correction_000028,00005garden,4,28,20,True,True,applied,1.0,2,1.0,50,C1 Oracle correction,00005garden,4,28,True,True,applied,1.0,2,1.0,50,sham,0.0,0.0,00005garden,C1 Oracle correction
correction_000029,00005garden,4,49,1,True,True,applied,1.0,2,1.0,50,C1 Oracle correction,00005garden,4,49,True,True,applied,1.0,2,1.0,50,sham,0.0,0.0,00005garden,C1 Oracle correction
correction_000029,00005garden,4,49,2,True,True,applied,1.0,2,1.0,50,C1 Oracle correction,00005garden,4,49,True,True,applied,1.0,2,1.0,50,sham,0.0,0.0,00005garden,C1 Oracle correction
correction_000029,00005garden,4,49,5,True,True,applied,1.0,2,1.0,50,C1 Oracle correction,00005garden,4,49,True,True,applied,1.0,2,1.0,50,sham,0.0,0.0,00005garden,C1 Oracle correction
correction_000029,00005garden,4,49,10,True,True,applied,1.0,2,1.0,50,C1 Oracle correction,00005garden,4,49,True,True,applied,1.0,2,1.0,50,sham,0.0,0.0,00005garden,C1 Oracle correction
correction_000029,00005garden,4,49,20,True,True,applied,1.0,2,1.0,50,C1 Oracle correction,00005garden,4,49,True,True,applied,1.0,2,1.0,50,sham,0.0,0.0,00005garden,C1 Oracle correction
correction_000030,00005garden,29,69,1,True,True,applied,1.0,1,,37,C1 Oracle correction,00005garden,29,69,True,True,applied,1.0,1,,37,sham,0.0,,00005garden,C1 Oracle correction
correction_000030,00005garden,29,69,2,True,True,applied,1.0,1,,37,C1 Oracle correction,00005garden,29,69,True,True,applied,1.0,1,,37,sham,0.0,,00005garden,C1 Oracle correction
correction_000030,00005garden,29,69,5,True,True,applied,1.0,1,,37,C1 Oracle correction,00005garden,29,69,True,True,applied,1.0,1,,37,sham,0.0,,00005garden,C1 Oracle correction
correction_000030,00005garden,29,69,10,True,True,applied,1.0,1,,37,C1 Oracle correction,00005garden,29,69,True,True,applied,1.0,1,,37,sham,0.0,,00005garden,C1 Oracle correction
correction_000031,00005garden,4,70,1,True,True,applied,1.0,2,1.0,50,C1 Oracle correction,00005garden,4,70,True,True,applied,1.0,2,1.0,50,sham,0.0,0.0,00005garden,C1 Oracle correction
correction_000031,00005garden,4,70,2,True,True,applied,1.0,2,1.0,50,C1 Oracle correction,00005garden,4,70,True,True,applied,1.0,2,1.0,50,sham,0.0,0.0,00005garden,C1 Oracle correction
correction_000031,00005garden,4,70,5,True,True,applied,1.0,2,1.0,50,C1 Oracle correction,00005garden,4,70,True,True,applied,1.0,2,1.0,50,sham,0.0,0.0,00005garden,C1 Oracle correction
correction_000031,00005garden,4,70,10,True,True,applied,1.0,2,1.0,50,C1 Oracle correction,00005garden,4,70,True,True,applied,1.0,2,1.0,50,sham,0.0,0.0,00005garden,C1 Oracle correction
correction_000031,00005garden,4,70,20,True,True,applied,1.0,2,1.0,50,C1 Oracle correction,00005garden,4,70,True,True,applied,1.0,2,1.0,50,sham,0.0,0.0,00005garden,C1 Oracle correction
correction_000032,00005garden,21,78,1,True,True,applied,1.0,1,,24,C1 Oracle correction,00005garden,21,78,True,True,applied,1.0,1,,24,sham,0.0,,00005garden,C1 Oracle correction
correction_000032,00005garden,21,78,2,True,True,applied,1.0,1,,24,C1 Oracle correction,00005garden,21,78,True,True,applied,1.0,1,,24,sham,0.0,,00005garden,C1 Oracle correction
correction_000032,00005garden,21,78,5,True,True,applied,1.0,1,,24,C1 Oracle correction,00005garden,21,78,True,True,applied,1.0,1,,24,sham,0.0,,00005garden,C1 Oracle correction
correction_000033,00005garden,4,98,1,True,True,applied,0.5,2,0.0,1,C1 Oracle correction,00005garden,4,98,True,True,applied,0.5,2,0.0,1,sham,0.0,0.0,00005garden,C1 Oracle correction
correction_000033,00005garden,4,98,2,True,True,applied,1.0,2,1.0,1,C1 Oracle correction,00005garden,4,98,True,True,applied,1.0,2,1.0,1,sham,0.0,0.0,00005garden,C1 Oracle correction
correction_000033,00005garden,4,98,5,True,True,applied,0.5,2,0.0,1,C1 Oracle correction,00005garden,4,98,True,True,applied,0.5,2,0.0,1,sham,0.0,0.0,00005garden,C1 Oracle correction
correction_000033,00005garden,4,98,10,True,True,applied,0.5,2,0.0,1,C1 Oracle correction,00005garden,4,98,True,True,applied,0.5,2,0.0,1,sham,0.0,0.0,00005garden,C1 Oracle correction
correction_000033,00005garden,4,98,20,True,True,applied,0.5,2,0.0,1,C1 Oracle correction,00005garden,4,98,True,True,applied,0.5,2,0.0,1,sham,0.0,0.0,00005garden,C1 Oracle correction
correction_000034,00005garden,21,101,1,True,True,applied,1.0,1,,24,C1 Oracle correction,00005garden,21,101,True,True,applied,1.0,1,,24,sham,0.0,,00005garden,C1 Oracle correction
correction_000034,00005garden,21,101,20,True,True,applied,1.0,1,,24,C1 Oracle correction,00005garden,21,101,True,True,applied,1.0,1,,24,sham,0.0,,00005garden,C1 Oracle correction
correction_000035,00005garden,21,122,1,True,True,applied,1.0,1,,41,C1 Oracle correction,00005garden,21,122,True,True,applied,1.0,1,,41,sham,0.0,,00005garden,C1 Oracle correction
correction_000035,00005garden,21,122,2,True,True,applied,1.0,1,,41,C1 Oracle correction,00005garden,21,122,True,True,applied,1.0,1,,41,sham,0.0,,00005garden,C1 Oracle correction
correction_000035,00005garden,21,122,5,True,True,applied,1.0,1,,41,C1 Oracle correction,00005garden,21,122,True,True,applied,1.0,1,,41,sham,0.0,,00005garden,C1 Oracle correction
correction_000035,00005garden,21,122,20,True,True,applied,1.0,1,,41,C1 Oracle correction,00005garden,21,122,True,True,applied,1.0,1,,41,sham,0.0,,00005garden,C1 Oracle correction
correction_000036,00005garden,15,141,1,True,True,applied,0.0,1,,24,C1 Oracle correction,00005garden,15,141,True,True,applied,0.0,1,,24,sham,0.0,,00005garden,C1 Oracle correction
correction_000036,00005garden,15,141,2,True,True,applied,0.0,1,,24,C1 Oracle correction,00005garden,15,141,True,True,applied,0.0,1,,24,sham,0.0,,00005garden,C1 Oracle correction
correction_000036,00005garden,15,141,5,True,True,applied,1.0,1,,24,C1 Oracle correction,00005garden,15,141,True,True,applied,1.0,1,,24,sham,0.0,,00005garden,C1 Oracle correction
correction_000037,00005garden,21,143,1,True,True,applied,1.0,1,,41,C1 Oracle correction,00005garden,21,143,True,True,applied,1.0,1,,41,sham,0.0,,00005garden,C1 Oracle correction
correction_000037,00005garden,21,143,5,True,True,applied,1.0,1,,41,C1 Oracle correction,00005garden,21,143,True,True,applied,1.0,1,,41,sham,0.0,,00005garden,C1 Oracle correction
correction_000038,00005garden,15,176,1,True,True,applied,0.0,1,,24,C1 Oracle correction,00005garden,15,176,True,True,applied,0.0,1,,24,sham,0.0,,00005garden,C1 Oracle correction
correction_000038,00005garden,15,176,20,True,True,applied,0.0,1,,24,C1 Oracle correction,00005garden,15,176,True,True,applied,0.0,1,,24,sham,0.0,,00005garden,C1 Oracle correction
correction_000040,00005garden,11,216,1,True,True,applied,0.0,1,,15,C1 Oracle correction,00005garden,11,216,True,True,applied,0.0,1,,15,sham,0.0,,00005garden,C1 Oracle correction
correction_000040,00005garden,11,216,5,True,True,applied,0.0,1,,15,C1 Oracle correction,00005garden,11,216,True,True,applied,0.0,1,,15,sham,0.0,,00005garden,C1 Oracle correction
correction_000040,00005garden,11,216,10,True,True,applied,0.0,1,,15,C1 Oracle correction,00005garden,11,216,True,True,applied,0.0,1,,15,sham,0.0,,00005garden,C1 Oracle correction
correction_000040,00005garden,11,216,20,True,True,applied,0.0,1,,15,C1 Oracle correction,00005garden,11,216,True,True,applied,0.0,1,,15,sham,0.0,,00005garden,C1 Oracle correction
correction_000041,00005garden,15,253,1,True,True,applied,0.0,1,,24,C1 Oracle correction,00005garden,15,253,True,True,applied,0.0,1,,24,sham,0.0,,00005garden,C1 Oracle correction
correction_000041,00005garden,15,253,2,True,True,applied,1.0,1,,24,C1 Oracle correction,00005garden,15,253,True,True,applied,1.0,1,,24,sham,0.0,,00005garden,C1 Oracle correction
correction_000041,00005garden,15,253,5,True,True,applied,1.0,1,,24,C1 Oracle correction,00005garden,15,253,True,True,applied,1.0,1,,24,sham,0.0,,00005garden,C1 Oracle correction
correction_000041,00005garden,15,253,10,True,True,applied,0.0,1,,24,C1 Oracle correction,00005garden,15,253,True,True,applied,0.0,1,,24,sham,0.0,,00005garden,C1 Oracle correction
correction_000041,00005garden,15,253,20,True,True,applied,0.0,1,,24,C1 Oracle correction,00005garden,15,253,True,True,applied,0.0,1,,24,sham,0.0,,00005garden,C1 Oracle correction
correction_000042,00005garden,27,272,1,True,True,applied,1.0,1,,160,C1 Oracle correction,00005garden,27,272,True,True,applied,1.0,1,,160,sham,0.0,,00005garden,C1 Oracle correction
correction_000042,00005garden,27,272,2,True,True,applied,1.0,1,,160,C1 Oracle correction,00005garden,27,272,True,True,applied,1.0,1,,160,sham,0.0,,00005garden,C1 Oracle correction
correction_000042,00005garden,27,272,5,True,True,applied,1.0,1,,160,C1 Oracle correction,00005garden,27,272,True,True,applied,1.0,1,,160,sham,0.0,,00005garden,C1 Oracle correction
correction_000042,00005garden,27,272,10,True,True,applied,1.0,1,,160,C1 Oracle correction,00005garden,27,272,True,True,applied,1.0,1,,160,sham,0.0,,00005garden,C1 Oracle correction
correction_000043,00005garden,28,293,1,True,True,applied,1.0,1,,112,C1 Oracle correction,00005garden,28,293,True,True,applied,1.0,1,,112,sham,0.0,,00005garden,C1 Oracle correction
correction_000043,00005garden,28,293,2,True,True,applied,1.0,1,,112,C1 Oracle correction,00005garden,28,293,True,True,applied,1.0,1,,112,sham,0.0,,00005garden,C1 Oracle correction
correction_000043,00005garden,28,293,20,True,True,applied,1.0,1,,112,C1 Oracle correction,00005garden,28,293,True,True,applied,1.0,1,,112,sham,0.0,,00005garden,C1 Oracle correction
correction_000044,00005garden,28,322,1,True,True,applied,1.0,1,,112,C1 Oracle correction,00005garden,28,322,True,True,applied,0.0,1,,112,sham,1.0,,00005garden,C1 Oracle correction
correction_000044,00005garden,28,322,2,True,True,applied,1.0,1,,112,C1 Oracle correction,00005garden,28,322,True,True,applied,1.0,1,,112,sham,0.0,,00005garden,C1 Oracle correction
correction_000044,00005garden,28,322,5,True,True,applied,1.0,1,,112,C1 Oracle correction,00005garden,28,322,True,True,applied,0.0,1,,112,sham,1.0,,00005garden,C1 Oracle correction
correction_000044,00005garden,28,322,10,True,True,applied,1.0,1,,112,C1 Oracle correction,00005garden,28,322,True,True,applied,0.0,1,,112,sham,1.0,,00005garden,C1 Oracle correction
correction_000044,00005garden,28,322,20,True,True,applied,1.0,1,,112,C1 Oracle correction,00005garden,28,322,True,True,applied,0.0,1,,112,sham,1.0,,00005garden,C1 Oracle correction
correction_000045,00005garden,7,357,1,True,True,applied,1.0,1,,6,C1 Oracle correction,00005garden,7,357,True,True,applied,1.0,1,,6,sham,0.0,,00005garden,C1 Oracle correction
correction_000045,00005garden,7,357,10,True,True,applied,0.0,1,,6,C1 Oracle correction,00005garden,7,357,True,True,applied,0.0,1,,6,sham,0.0,,00005garden,C1 Oracle correction
correction_000045,00005garden,7,357,20,True,True,applied,0.0,1,,6,C1 Oracle correction,00005garden,7,357,True,True,applied,0.0,1,,6,sham,0.0,,00005garden,C1 Oracle correction
correction_000046,00005garden,5,363,1,True,True,applied,0.0,1,,1,C1 Oracle correction,00005garden,5,363,True,True,applied,0.0,1,,1,sham,0.0,,00005garden,C1 Oracle correction
correction_000046,00005garden,5,363,2,True,True,applied,0.0,1,,1,C1 Oracle correction,00005garden,5,363,True,True,applied,0.0,1,,1,sham,0.0,,00005garden,C1 Oracle correction
correction_000046,00005garden,5,363,5,True,True,applied,0.0,1,,1,C1 Oracle correction,00005garden,5,363,True,True,applied,0.0,1,,1,sham,0.0,,00005garden,C1 Oracle correction
correction_000046,00005garden,5,363,10,True,True,applied,0.0,1,,1,C1 Oracle correction,00005garden,5,363,True,True,applied,0.0,1,,1,sham,0.0,,00005garden,C1 Oracle correction
correction_000046,00005garden,5,363,20,True,True,applied,0.0,1,,1,C1 Oracle correction,00005garden,5,363,True,True,applied,0.0,1,,1,sham,0.0,,00005garden,C1 Oracle correction
correction_000047,00005garden,1,371,1,True,True,applied,1.0,2,1.0,9,C1 Oracle correction,00005garden,1,371,True,True,applied,1.0,2,1.0,9,sham,0.0,0.0,00005garden,C1 Oracle correction
correction_000047,00005garden,1,371,2,True,True,applied,1.0,1,,9,C1 Oracle correction,00005garden,1,371,True,True,applied,1.0,1,,9,sham,0.0,,00005garden,C1 Oracle correction
correction_000047,00005garden,1,371,5,True,True,applied,1.0,1,,9,C1 Oracle correction,00005garden,1,371,True,True,applied,1.0,1,,9,sham,0.0,,00005garden,C1 Oracle correction
correction_000047,00005garden,1,371,10,True,True,applied,1.0,1,,9,C1 Oracle correction,00005garden,1,371,True,True,applied,1.0,1,,9,sham,0.0,,00005garden,C1 Oracle correction
correction_000047,00005garden,1,371,20,True,True,applied,0.0,1,0.0,9,C1 Oracle correction,00005garden,1,371,True,True,applied,0.0,1,0.0,9,sham,0.0,0.0,00005garden,C1 Oracle correction
correction_000048,00005garden,5,405,1,True,True,applied,0.0,1,,1,C1 Oracle correction,00005garden,5,405,True,True,applied,0.0,1,,1,sham,0.0,,00005garden,C1 Oracle correction
correction_000048,00005garden,5,405,2,True,True,applied,0.0,1,,1,C1 Oracle correction,00005garden,5,405,True,True,applied,0.0,1,,1,sham,0.0,,00005garden,C1 Oracle correction
correction_000048,00005garden,5,405,5,True,True,applied,1.0,1,,1,C1 Oracle correction,00005garden,5,405,True,True,applied,1.0,1,,1,sham,0.0,,00005garden,C1 Oracle correction
correction_000048,00005garden,5,405,10,True,True,applied,0.0,1,,1,C1 Oracle correction,00005garden,5,405,True,True,applied,0.0,1,,1,sham,0.0,,00005garden,C1 Oracle correction
correction_000048,00005garden,5,405,20,True,True,applied,1.0,1,,1,C1 Oracle correction,00005garden,5,405,True,True,applied,1.0,1,,1,sham,0.0,,00005garden,C1 Oracle correction
correction_000049,00005garden,4,406,1,True,True,applied,1.0,1,,4,C1 Oracle correction,00005garden,4,406,True,True,applied,1.0,1,,4,sham,0.0,,00005garden,C1 Oracle correction
correction_000049,00005garden,4,406,2,True,True,applied,1.0,1,,4,C1 Oracle correction,00005garden,4,406,True,True,applied,1.0,1,,4,sham,0.0,,00005garden,C1 Oracle correction
correction_000049,00005garden,4,406,5,True,True,applied,1.0,1,,4,C1 Oracle correction,00005garden,4,406,True,True,applied,1.0,1,,4,sham,0.0,,00005garden,C1 Oracle correction
correction_000049,00005garden,4,406,10,True,True,applied,1.0,1,,4,C1 Oracle correction,00005garden,4,406,True,True,applied,1.0,1,,4,sham,0.0,,00005garden,C1 Oracle correction
correction_000049,00005garden,4,406,20,True,True,applied,0.0,1,,4,C1 Oracle correction,00005garden,4,406,True,True,applied,0.0,1,,4,sham,0.0,,00005garden,C1 Oracle correction
correction_000050,00005garden,5,426,1,True,True,applied,1.0,1,,1,C1 Oracle correction,00005garden,5,426,True,True,applied,1.0,1,,1,sham,0.0,,00005garden,C1 Oracle correction
correction_000050,00005garden,5,426,2,True,True,applied,1.0,1,,1,C1 Oracle correction,00005garden,5,426,True,True,applied,1.0,1,,1,sham,0.0,,00005garden,C1 Oracle correction
correction_000050,00005garden,5,426,5,True,True,applied,0.0,1,,1,C1 Oracle correction,00005garden,5,426,True,True,applied,1.0,1,,1,sham,-1.0,,00005garden,C1 Oracle correction
correction_000050,00005garden,5,426,10,True,True,applied,1.0,1,,1,C1 Oracle correction,00005garden,5,426,True,True,applied,1.0,1,,1,sham,0.0,,00005garden,C1 Oracle correction
correction_000050,00005garden,5,426,20,True,True,applied,1.0,1,,1,C1 Oracle correction,00005garden,5,426,True,True,applied,1.0,1,,1,sham,0.0,,00005garden,C1 Oracle correction
correction_000051,00005garden,15,426,5,True,True,applied,1.0,1,,24,C1 Oracle correction,00005garden,15,426,True,True,applied,1.0,1,,24,sham,0.0,,00005garden,C1 Oracle correction
correction_000051,00005garden,15,426,10,True,True,applied,0.0,1,,24,C1 Oracle correction,00005garden,15,426,True,True,applied,0.0,1,,24,sham,0.0,,00005garden,C1 Oracle correction
correction_000051,00005garden,15,426,20,True,True,applied,1.0,1,,24,C1 Oracle correction,00005garden,15,426,True,True,applied,1.0,1,,24,sham,0.0,,00005garden,C1 Oracle correction
correction_000052,00005garden,4,429,1,True,True,applied,0.0,1,,4,C1 Oracle correction,00005garden,4,429,True,True,applied,0.0,1,,4,sham,0.0,,00005garden,C1 Oracle correction
correction_000052,00005garden,4,429,2,True,True,applied,1.0,1,,4,C1 Oracle correction,00005garden,4,429,True,True,applied,1.0,1,,4,sham,0.0,,00005garden,C1 Oracle correction
correction_000052,00005garden,4,429,5,True,True,applied,1.0,1,,4,C1 Oracle correction,00005garden,4,429,True,True,applied,1.0,1,,4,sham,0.0,,00005garden,C1 Oracle correction
correction_000052,00005garden,4,429,20,True,True,applied,1.0,1,,4,C1 Oracle correction,00005garden,4,429,True,True,applied,1.0,1,,4,sham,0.0,,00005garden,C1 Oracle correction
correction_000053,00005garden,25,445,1,True,True,applied,1.0,1,,245,C1 Oracle correction,00005garden,25,445,True,True,applied,1.0,1,,245,sham,0.0,,00005garden,C1 Oracle correction
correction_000053,00005garden,25,445,2,True,True,applied,1.0,1,,245,C1 Oracle correction,00005garden,25,445,True,True,applied,0.0,1,,245,sham,1.0,,00005garden,C1 Oracle correction
correction_000053,00005garden,25,445,5,True,True,applied,1.0,1,,245,C1 Oracle correction,00005garden,25,445,True,True,applied,0.0,1,,245,sham,1.0,,00005garden,C1 Oracle correction
correction_000053,00005garden,25,445,10,True,True,applied,1.0,1,,245,C1 Oracle correction,00005garden,25,445,True,True,applied,0.0,1,,245,sham,1.0,,00005garden,C1 Oracle correction
correction_000053,00005garden,25,445,20,True,True,applied,1.0,1,,245,C1 Oracle correction,00005garden,25,445,True,True,applied,0.0,1,,245,sham,1.0,,00005garden,C1 Oracle correction
correction_000054,00005garden,11,445,2,True,True,applied,1.0,1,,250,C1 Oracle correction,00005garden,11,445,True,True,applied,1.0,1,,250,sham,0.0,,00005garden,C1 Oracle correction
correction_000054,00005garden,11,445,5,True,True,applied,1.0,1,,250,C1 Oracle correction,00005garden,11,445,True,True,applied,1.0,1,,250,sham,0.0,,00005garden,C1 Oracle correction
correction_000054,00005garden,11,445,10,True,True,applied,1.0,1,,250,C1 Oracle correction,00005garden,11,445,True,True,applied,1.0,1,,250,sham,0.0,,00005garden,C1 Oracle correction
correction_000054,00005garden,11,445,20,True,True,applied,1.0,1,,250,C1 Oracle correction,00005garden,11,445,True,True,applied,1.0,1,,250,sham,0.0,,00005garden,C1 Oracle correction
correction_000055,00005garden,5,447,1,True,True,applied,1.0,1,,1,C1 Oracle correction,00005garden,5,447,True,True,applied,1.0,1,,1,sham,0.0,,00005garden,C1 Oracle correction
correction_000055,00005garden,5,447,2,True,True,applied,1.0,1,,1,C1 Oracle correction,00005garden,5,447,True,True,applied,1.0,1,,1,sham,0.0,,00005garden,C1 Oracle correction
correction_000055,00005garden,5,447,5,True,True,applied,1.0,1,,1,C1 Oracle correction,00005garden,5,447,True,True,applied,1.0,1,,1,sham,0.0,,00005garden,C1 Oracle correction
correction_000055,00005garden,5,447,10,True,True,applied,1.0,1,,1,C1 Oracle correction,00005garden,5,447,True,True,applied,1.0,1,,1,sham,0.0,,00005garden,C1 Oracle correction
correction_000055,00005garden,5,447,20,True,True,applied,1.0,1,,1,C1 Oracle correction,00005garden,5,447,True,True,applied,1.0,1,,1,sham,0.0,,00005garden,C1 Oracle correction
correction_000056,00005garden,11,466,1,True,True,applied,0.0,1,,15,C1 Oracle correction,00005garden,11,466,True,True,applied,0.0,1,,15,sham,0.0,,00005garden,C1 Oracle correction
correction_000056,00005garden,11,466,2,True,True,applied,0.0,1,,15,C1 Oracle correction,00005garden,11,466,True,True,applied,0.0,1,,15,sham,0.0,,00005garden,C1 Oracle correction
correction_000056,00005garden,11,466,5,True,True,applied,1.0,1,,15,C1 Oracle correction,00005garden,11,466,True,True,applied,1.0,1,,15,sham,0.0,,00005garden,C1 Oracle correction
correction_000056,00005garden,11,466,10,True,True,applied,0.0,1,,15,C1 Oracle correction,00005garden,11,466,True,True,applied,0.0,1,,15,sham,0.0,,00005garden,C1 Oracle correction
correction_000056,00005garden,11,466,20,True,True,applied,1.0,1,,15,C1 Oracle correction,00005garden,11,466,True,True,applied,1.0,1,,15,sham,0.0,,00005garden,C1 Oracle correction
correction_000057,00005garden,5,468,1,True,True,applied,1.0,1,,1,C1 Oracle correction,00005garden,5,468,True,True,applied,1.0,1,,1,sham,0.0,,00005garden,C1 Oracle correction
correction_000057,00005garden,5,468,2,True,True,applied,1.0,1,,1,C1 Oracle correction,00005garden,5,468,True,True,applied,1.0,1,,1,sham,0.0,,00005garden,C1 Oracle correction
correction_000057,00005garden,5,468,5,True,True,applied,1.0,1,,1,C1 Oracle correction,00005garden,5,468,True,True,applied,1.0,1,,1,sham,0.0,,00005garden,C1 Oracle correction
correction_000057,00005garden,5,468,10,True,True,applied,1.0,1,,1,C1 Oracle correction,00005garden,5,468,True,True,applied,1.0,1,,1,sham,0.0,,00005garden,C1 Oracle correction
correction_000057,00005garden,5,468,20,True,True,applied,1.0,1,,1,C1 Oracle correction,00005garden,5,468,True,True,applied,1.0,1,,1,sham,0.0,,00005garden,C1 Oracle correction
correction_000058,00005garden,15,525,1,True,True,applied,1.0,1,,24,C1 Oracle correction,00005garden,15,525,True,True,applied,1.0,1,,24,sham,0.0,,00005garden,C1 Oracle correction
correction_000058,00005garden,15,525,5,True,True,applied,0.0,1,,24,C1 Oracle correction,00005garden,15,525,True,True,applied,0.0,1,,24,sham,0.0,,00005garden,C1 Oracle correction
correction_000058,00005garden,15,525,10,True,True,applied,0.0,1,,24,C1 Oracle correction,00005garden,15,525,True,True,applied,0.0,1,,24,sham,0.0,,00005garden,C1 Oracle correction
correction_000058,00005garden,15,525,20,True,True,applied,0.0,1,,24,C1 Oracle correction,00005garden,15,525,True,True,applied,0.0,1,,24,sham,0.0,,00005garden,C1 Oracle correction
correction_000059,00005garden,2,536,1,True,True,applied,0.0,1,,12,C1 Oracle correction,00005garden,2,536,True,True,applied,0.0,1,,12,sham,0.0,,00005garden,C1 Oracle correction
correction_000059,00005garden,2,536,2,True,True,applied,0.0,1,,12,C1 Oracle correction,00005garden,2,536,True,True,applied,0.0,1,,12,sham,0.0,,00005garden,C1 Oracle correction
correction_000059,00005garden,2,536,5,True,True,applied,0.0,1,,12,C1 Oracle correction,00005garden,2,536,True,True,applied,0.0,1,,12,sham,0.0,,00005garden,C1 Oracle correction
correction_000059,00005garden,2,536,10,True,True,applied,0.0,1,,12,C1 Oracle correction,00005garden,2,536,True,True,applied,0.0,1,,12,sham,0.0,,00005garden,C1 Oracle correction
correction_000059,00005garden,2,536,20,True,True,applied,0.0,1,,12,C1 Oracle correction,00005garden,2,536,True,True,applied,0.0,1,,12,sham,0.0,,00005garden,C1 Oracle correction
correction_000060,00005garden,11,537,1,True,True,applied,0.0,1,,15,C1 Oracle correction,00005garden,11,537,True,True,applied,0.0,1,,15,sham,0.0,,00005garden,C1 Oracle correction
correction_000060,00005garden,11,537,2,True,True,applied,0.0,1,,15,C1 Oracle correction,00005garden,11,537,True,True,applied,0.0,1,,15,sham,0.0,,00005garden,C1 Oracle correction
correction_000060,00005garden,11,537,5,True,True,applied,0.0,1,,15,C1 Oracle correction,00005garden,11,537,True,True,applied,0.0,1,,15,sham,0.0,,00005garden,C1 Oracle correction
correction_000060,00005garden,11,537,10,True,True,applied,0.0,1,,15,C1 Oracle correction,00005garden,11,537,True,True,applied,0.0,1,,15,sham,0.0,,00005garden,C1 Oracle correction
correction_000060,00005garden,11,537,20,True,True,applied,1.0,1,,15,C1 Oracle correction,00005garden,11,537,True,True,applied,1.0,1,,15,sham,0.0,,00005garden,C1 Oracle correction
correction_000061,00005garden,5,616,1,True,True,applied,0.0,1,,1,C1 Oracle correction,00005garden,5,616,True,True,applied,0.0,1,,1,sham,0.0,,00005garden,C1 Oracle correction
correction_000061,00005garden,5,616,2,True,True,applied,1.0,1,,1,C1 Oracle correction,00005garden,5,616,True,True,applied,1.0,1,,1,sham,0.0,,00005garden,C1 Oracle correction
correction_000061,00005garden,5,616,5,True,True,applied,0.0,1,,1,C1 Oracle correction,00005garden,5,616,True,True,applied,0.0,1,,1,sham,0.0,,00005garden,C1 Oracle correction
correction_000061,00005garden,5,616,10,True,True,applied,0.0,1,,1,C1 Oracle correction,00005garden,5,616,True,True,applied,0.0,1,,1,sham,0.0,,00005garden,C1 Oracle correction
correction_000061,00005garden,5,616,20,True,True,applied,0.0,1,,1,C1 Oracle correction,00005garden,5,616,True,True,applied,0.0,1,,1,sham,0.0,,00005garden,C1 Oracle correction
correction_000062,00005garden,5,656,1,True,True,applied,1.0,1,,1,C1 Oracle correction,00005garden,5,656,True,True,applied,1.0,1,,1,sham,0.0,,00005garden,C1 Oracle correction
correction_000062,00005garden,5,656,2,True,True,applied,0.0,1,,1,C1 Oracle correction,00005garden,5,656,True,True,applied,0.0,1,,1,sham,0.0,,00005garden,C1 Oracle correction
correction_000062,00005garden,5,656,5,True,True,applied,1.0,1,,1,C1 Oracle correction,00005garden,5,656,True,True,applied,1.0,1,,1,sham,0.0,,00005garden,C1 Oracle correction
correction_000062,00005garden,5,656,10,True,True,applied,1.0,1,,1,C1 Oracle correction,00005garden,5,656,True,True,applied,1.0,1,,1,sham,0.0,,00005garden,C1 Oracle correction
correction_000062,00005garden,5,656,20,True,True,applied,1.0,1,,1,C1 Oracle correction,00005garden,5,656,True,True,applied,1.0,1,,1,sham,0.0,,00005garden,C1 Oracle correction
correction_000063,00005garden,3,678,1,True,True,applied,0.0,1,,2,C1 Oracle correction,00005garden,3,678,True,True,applied,0.0,1,,2,sham,0.0,,00005garden,C1 Oracle correction
correction_000063,00005garden,3,678,2,True,True,applied,0.0,1,,2,C1 Oracle correction,00005garden,3,678,True,True,applied,0.0,1,,2,sham,0.0,,00005garden,C1 Oracle correction
correction_000063,00005garden,3,678,10,True,True,applied,0.0,1,,2,C1 Oracle correction,00005garden,3,678,True,True,applied,1.0,1,,2,sham,-1.0,,00005garden,C1 Oracle correction
correction_000063,00005garden,3,678,20,True,True,applied,0.0,1,,2,C1 Oracle correction,00005garden,3,678,True,True,applied,0.0,1,,2,sham,0.0,,00005garden,C1 Oracle correction
correction_000064,00005garden,1,681,1,True,True,applied,1.0,1,,9,C1 Oracle correction,00005garden,1,681,True,True,applied,1.0,1,,9,sham,0.0,,00005garden,C1 Oracle correction
correction_000064,00005garden,1,681,2,True,True,applied,1.0,1,,9,C1 Oracle correction,00005garden,1,681,True,True,applied,1.0,1,,9,sham,0.0,,00005garden,C1 Oracle correction
correction_000064,00005garden,1,681,10,True,True,applied,0.0,1,,9,C1 Oracle correction,00005garden,1,681,True,True,applied,0.0,1,,9,sham,0.0,,00005garden,C1 Oracle correction
correction_000064,00005garden,1,681,20,True,True,applied,0.0,1,,9,C1 Oracle correction,00005garden,1,681,True,True,applied,0.0,1,,9,sham,0.0,,00005garden,C1 Oracle correction
correction_000066,00005garden,15,688,1,True,True,applied,1.0,1,,395,C1 Oracle correction,00005garden,15,688,True,True,applied,0.0,1,,395,sham,1.0,,00005garden,C1 Oracle correction
correction_000066,00005garden,15,688,2,True,True,applied,1.0,1,,395,C1 Oracle correction,00005garden,15,688,True,True,applied,1.0,1,,395,sham,0.0,,00005garden,C1 Oracle correction
correction_000066,00005garden,15,688,5,True,True,applied,1.0,1,,395,C1 Oracle correction,00005garden,15,688,True,True,applied,1.0,1,,395,sham,0.0,,00005garden,C1 Oracle correction
correction_000067,00005garden,5,703,1,True,True,applied,0.0,1,,1,C1 Oracle correction,00005garden,5,703,True,True,applied,0.0,1,,1,sham,0.0,,00005garden,C1 Oracle correction
correction_000067,00005garden,5,703,2,True,True,applied,0.0,1,,1,C1 Oracle correction,00005garden,5,703,True,True,applied,0.0,1,,1,sham,0.0,,00005garden,C1 Oracle correction
correction_000067,00005garden,5,703,5,True,True,applied,0.0,1,,1,C1 Oracle correction,00005garden,5,703,True,True,applied,0.0,1,,1,sham,0.0,,00005garden,C1 Oracle correction
correction_000067,00005garden,5,703,10,True,True,applied,0.0,1,,1,C1 Oracle correction,00005garden,5,703,True,True,applied,0.0,1,,1,sham,0.0,,00005garden,C1 Oracle correction
correction_000067,00005garden,5,703,20,True,True,applied,0.0,1,,1,C1 Oracle correction,00005garden,5,703,True,True,applied,0.0,1,,1,sham,0.0,,00005garden,C1 Oracle correction
correction_000068,00005garden,4,764,10,True,True,applied,0.0,1,,4,C1 Oracle correction,00005garden,4,764,True,True,applied,0.0,1,,4,sham,0.0,,00005garden,C1 Oracle correction
correction_000068,00005garden,4,764,20,True,True,applied,0.0,1,,4,C1 Oracle correction,00005garden,4,764,True,True,applied,0.0,1,,4,sham,0.0,,00005garden,C1 Oracle correction
correction_000069,00005garden,14,796,2,True,True,applied,0.0,1,,410,C1 Oracle correction,00005garden,14,796,True,True,applied,0.0,1,,410,sham,0.0,,00005garden,C1 Oracle correction
correction_000070,00005garden,15,818,2,True,True,applied,1.0,1,,395,C1 Oracle correction,00005garden,15,818,True,True,applied,1.0,1,,395,sham,0.0,,00005garden,C1 Oracle correction
correction_000070,00005garden,15,818,5,True,True,applied,1.0,1,,395,C1 Oracle correction,00005garden,15,818,True,True,applied,1.0,1,,395,sham,0.0,,00005garden,C1 Oracle correction
