quality_dimension,quality_variable,quality_bin,matched_observations,mean_dominant_identity_correct,mean_track_purity,mean_gt_fragment_count,mean_cross_view_consistent,mean_iou,mean_pred_score,mean_normalized_area,identity_gap,scene_median_gap,bootstrap95_low,bootstrap95_high
area,normalized_area,Q1,126182,0.8458496457497899,0.8566893319250792,3.586945840135677,0.8231477605692759,0.7647489633961658,0.7903147041574868,0.00039819019321849685,,,,
area,normalized_area,Q2,126182,0.8817977207525638,0.8644591925317232,3.707787164571809,0.8626349726216672,0.8171087905330707,0.844312659491845,0.0009277988049555869,,,,
area,normalized_area,Q3,126181,0.924632076144586,0.9290366557589609,3.201963845586895,0.9115084551106887,0.8444750375845594,0.8999458714069473,0.0023705143416043032,,,,
area,normalized_area,Q4,126182,0.9628473157819657,0.9649416131197026,2.569724683393828,0.9450835704949339,0.8529520313129587,0.9339650663327574,0.01280334294184256,,,,
area,normalized_area,Q1_minus_Q4,504727,,,,,,,,-0.024746126744000722,-0.023709157381399226,-0.09879685815131806,0.050596245494223764
score,pred_score,Q1,126182,0.8542819102566135,0.8659735637587269,3.633996925076477,0.837870160469807,0.765445121949263,0.7325030511483412,0.001083354247833184,,,,
score,pred_score,Q2,126182,0.8869490101599278,0.8859729889020437,3.516523751406698,0.8827168432966355,0.8107083383822727,0.8579474885482875,0.002299958339605046,,,,
score,pred_score,Q3,126181,0.918561431594297,0.9162714048299319,3.109699558570625,0.9039842671968882,0.8376127711213919,0.9186048612707144,0.004997834925648705,,,,
score,pred_score,Q4,126182,0.9553343583078411,0.9469087346793759,2.806200567434341,0.9356933831151556,0.8655185369899494,0.9594830482953195,0.00811871959020892,,,,
score,pred_score,Q1_minus_Q4,504727,,,,,,,,-0.05399614943626094,-0.017819439479603516,-0.10092146536911807,-0.0170050642628862
blur,crop_blur,Q1,126182,0.9353235802253888,0.9305686501960159,3.0679098445103103,0.9216379086100754,0.846581983865956,0.897812049262177,0.003749126592603154,,,,
blur,crop_blur,Q2,126182,0.9298156630898227,0.9097028331234631,3.1247087540219685,0.8941822679212339,0.8252883354514179,0.8765736792886466,0.004192610578299837,,,,
blur,crop_blur,Q3,126181,0.9009755826947005,0.8971579742522948,3.1693995133974213,0.8884757051908163,0.8153829877357907,0.8655072475253802,0.00539036223021987,,,,
blur,crop_blur,Q4,126182,0.8490117449398488,0.8776970831232084,3.7044031636842023,0.8852985034883102,0.7920312852173312,0.8286450523846507,0.0031677708129756814,,,,
blur,crop_blur,Q1_minus_Q4,504727,,,,,,,,0.04395060833529712,0.01796110749324009,-0.0015912664390394576,0.10322475529887644
