quality_dimension,quality_variable,scene,Q1_identity_consistency,Q4_identity_consistency,Q1_minus_Q4,n_scene
area,normalized_area,00001garden,,0.9741320626276379,,11101
area,normalized_area,00003garden,,0.9718920794656025,,13635
area,normalized_area,00005garden,0.9582554517133957,0.9929502243110446,-0.03469477259764897,21034
area,normalized_area,00012night,,0.9908355795148248,,3415
area,normalized_area,00018court1,,0.9950526095742457,,14351
area,normalized_area,00019court2,,0.9996874023132228,,3288
area,normalized_area,00022gate,1.0,0.9958432304038005,0.004156769596199483,9157
area,normalized_area,00023court4,,0.9993387555379224,,15123
area,normalized_area,00027square,,0.9991424896384165,,13881
area,normalized_area,00028path,1.0,0.9991512836834288,0.0008487163165712408,12830
area,normalized_area,00029path,0.9238095238095239,0.9965997959877593,-0.07279027217823542,7880
area,normalized_area,00043football,0.9208709506107275,0.999034749034749,-0.07816379842402144,36907
area,normalized_area,00051football,0.8569309029249682,0.9052287581699346,-0.04829785524496644,72760
area,normalized_area,00067football,0.7954443375040102,0.9973968762515018,-0.20195253874749153,61349
area,normalized_area,00117wood,0.9924528301886792,0.977081176992459,0.015371653196220247,15597
area,normalized_area,00120park,1.0,0.8111888111888111,0.18881118881118886,12771
area,normalized_area,00121park,0.9245213549337261,0.7468818782098312,0.1776394767238949,10515
area,normalized_area,00144road,0.8011580775911986,1.0,-0.19884192240880139,14658
area,normalized_area,00146bridge,0.7014623172103487,1.0,-0.2985376827896513,8579
area,normalized_area,00156basketball,,0.9903943377148635,,18143
area,normalized_area,00161basketball,0.8638928371451954,0.8766163793103449,-0.012723542165149482,78156
area,normalized_area,00183canteen,0.8549045716822015,0.6421757661863203,0.21272880549588113,49597
score,pred_score,00001garden,0.997163695299838,0.9683794466403162,0.028784248659521783,11101
score,pred_score,00003garden,0.9406934306569343,0.985668219276245,-0.0449747886193107,13635
score,pred_score,00005garden,0.9531568228105907,0.9706584783350393,-0.0175016555244486,21034
score,pred_score,00012night,0.9854368932038835,1.0,-0.014563106796116498,3415
score,pred_score,00018court1,0.9791666666666666,0.9973038901014251,-0.01813722343475843,14351
score,pred_score,00019court2,1.0,1.0,0.0,3288
score,pred_score,00022gate,0.9965156794425087,0.9954537188579742,0.0010619605845345603,9157
score,pred_score,00023court4,1.0,0.9998922413793103,0.00010775862068967967,15123
score,pred_score,00027square,1.0,0.9998420221169037,0.00015797788309634964,13881
score,pred_score,00028path,0.9249146757679181,0.9993920972644377,-0.07447742149651959,12830
score,pred_score,00029path,0.5705950991831972,0.9754189944134078,-0.4048238952302107,7880
score,pred_score,00043football,0.9139914539279063,0.9940182443547181,-0.08002679042681182,36907
score,pred_score,00051football,0.8822147158173006,0.9281628059645504,-0.045948090147249765,72760
score,pred_score,00067football,0.8052925218815581,0.973779989601129,-0.1684874677195709,61349
score,pred_score,00117wood,0.9832935560859188,0.9971973842252769,-0.013903828139358088,15597
score,pred_score,00120park,0.9537254901960784,0.8835029459025174,0.070222544293561,12771
score,pred_score,00121park,0.8392012611665791,0.8476408912188729,-0.008439630052293756,10515
score,pred_score,00144road,0.8079570253483297,0.9310679611650485,-0.12311093581671884,14658
score,pred_score,00146bridge,0.7632928475033738,0.9960975609756098,-0.23280471347223597,8579
score,pred_score,00156basketball,0.9630738522954092,0.9937271897810219,-0.03065333748561272,18143
score,pred_score,00161basketball,0.8007618356611645,0.8372865712967236,-0.036524735635559025,78156
score,pred_score,00183canteen,0.8491301925338947,0.8230023501762632,0.026127842357631437,49597
blur,crop_blur,00001garden,0.9924812030075187,0.8793879387938794,0.1130932642136393,11101
blur,crop_blur,00003garden,0.938386524822695,0.9979181124219292,-0.05953158759923416,13635
blur,crop_blur,00005garden,0.9342956694873071,0.9682843472317156,-0.0339886777444085,21034
blur,crop_blur,00012night,0.9947563232572486,,,3415
blur,crop_blur,00018court1,0.9989333333333333,0.9867724867724867,0.012160846560846594,14351
blur,crop_blur,00019court2,1.0,0.9986486486486487,0.0013513513513513375,3288
blur,crop_blur,00022gate,1.0,0.9954657094275459,0.004534290572454136,9157
blur,crop_blur,00023court4,1.0,1.0,0.0,15123
blur,crop_blur,00027square,0.9998077292828302,1.0,-0.0001922707171697624,13881
blur,crop_blur,00028path,1.0,0.9554324894514767,0.04456751054852326,12830
blur,crop_blur,00029path,1.0,0.4876169510181618,0.5123830489818382,7880
blur,crop_blur,00043football,0.9712771203155819,0.9440045652328982,0.02727255508268367,36907
blur,crop_blur,00051football,0.9288888888888889,0.8779517387485144,0.050937150140374476,72760
blur,crop_blur,00067football,0.9242242108543698,0.7802575686062976,0.1439666422480722,61349
blur,crop_blur,00117wood,0.9860730593607306,0.9467065868263473,0.0393664725343833,15597
blur,crop_blur,00120park,0.973882606354335,1.0,-0.02611739364566501,12771
blur,crop_blur,00121park,0.841715976331361,0.9947916666666666,-0.15307569033530566,10515
blur,crop_blur,00144road,0.8661790017211703,0.759567168118237,0.10661183360293336,14658
blur,crop_blur,00146bridge,0.8475971033574721,0.8656126482213439,-0.018015544863871802,8579
blur,crop_blur,00156basketball,0.9956396789218115,0.9776785714285714,0.01796110749324009,18143
blur,crop_blur,00161basketball,0.8347157949882127,0.725568365477858,0.10914742951035472,78156
blur,crop_blur,00183canteen,0.8647812016321936,0.8342507645259939,0.030530437106199737,49597
