scene,gt_instance_id,lag_frames,conditional_num,conditional_den,conditional_error_rate,baseline_num,baseline_den,baseline_error_rate
00001garden,1,1,0,0,,0,923,0.0
00001garden,1,2,0,0,,0,923,0.0
00001garden,1,5,0,0,,0,923,0.0
00001garden,1,10,0,0,,0,922,0.0
00001garden,1,20,0,0,,0,922,0.0
00001garden,2,1,202,264,0.7651515151515151,263,611,0.43044189852700493
00001garden,2,2,202,264,0.7651515151515151,262,610,0.42950819672131146
00001garden,2,5,202,264,0.7651515151515151,259,607,0.42668863261943984
00001garden,2,10,202,264,0.7651515151515151,254,602,0.4219269102990033
00001garden,2,20,202,264,0.7651515151515151,244,592,0.41216216216216217
00001garden,3,1,0,0,,0,500,0.0
00001garden,3,2,0,0,,0,501,0.0
00001garden,3,5,0,0,,0,499,0.0
00001garden,3,10,0,0,,0,498,0.0
00001garden,3,20,0,0,,0,501,0.0
00001garden,5,1,0,0,,0,1611,0.0
00001garden,5,2,0,0,,0,1610,0.0
00001garden,5,5,0,0,,0,1607,0.0
00001garden,5,10,0,0,,0,1602,0.0
00001garden,5,20,0,0,,0,1592,0.0
00001garden,6,1,0,2,0.0,2,1565,0.0012779552715654952
00001garden,6,2,0,2,0.0,2,1562,0.0012804097311139564
00001garden,6,5,0,2,0.0,2,1558,0.0012836970474967907
00001garden,6,10,0,2,0.0,2,1555,0.0012861736334405145
00001garden,6,20,0,2,0.0,2,1544,0.0012953367875647669
00001garden,7,1,0,0,,0,0,
00001garden,7,2,0,0,,0,0,
00001garden,7,5,0,0,,0,0,
00001garden,7,10,0,0,,0,0,
00001garden,7,20,0,0,,0,0,
00001garden,8,1,0,0,,0,0,
00001garden,8,2,0,0,,0,0,
00001garden,8,5,0,0,,0,0,
00001garden,8,10,0,0,,0,0,
00001garden,8,20,0,0,,0,0,
00001garden,9,1,0,0,,0,0,
00001garden,9,2,0,0,,0,0,
00001garden,9,5,0,0,,0,0,
00001garden,9,10,0,0,,0,0,
00001garden,9,20,0,0,,0,0,
00001garden,10,1,0,0,,0,0,
00001garden,10,2,0,0,,0,0,
00001garden,10,5,0,0,,0,0,
00001garden,10,10,0,0,,0,0,
00001garden,10,20,0,0,,0,0,
00001garden,11,1,0,0,,0,0,
00001garden,11,2,0,0,,0,0,
00001garden,11,5,0,0,,0,0,
00001garden,11,10,0,0,,0,0,
00001garden,11,20,0,0,,0,0,
00001garden,12,1,0,0,,0,0,
00001garden,12,2,0,0,,0,0,
00001garden,12,5,0,0,,0,0,
00001garden,12,10,0,0,,0,0,
00001garden,12,20,0,0,,0,0,
00001garden,13,1,0,0,,0,0,
00001garden,13,2,0,0,,0,0,
00001garden,13,5,0,0,,0,0,
00001garden,13,10,0,0,,0,0,
00001garden,13,20,0,0,,0,0,
00001garden,14,1,0,0,,0,0,
00001garden,14,2,0,0,,0,0,
00001garden,14,5,0,0,,0,0,
00001garden,14,10,0,0,,0,0,
00001garden,14,20,0,0,,0,0,
00001garden,15,1,0,0,,0,0,
00001garden,15,2,0,0,,0,0,
00001garden,15,5,0,0,,0,0,
00001garden,15,10,0,0,,0,0,
00001garden,15,20,0,0,,0,0,
00001garden,16,1,0,0,,0,0,
00001garden,16,2,0,0,,0,0,
00001garden,16,5,0,0,,0,0,
00001garden,16,10,0,0,,0,0,
00001garden,16,20,0,0,,0,0,
00001garden,17,1,0,1,0.0,1,106,0.009433962264150943
00001garden,17,2,0,1,0.0,1,107,0.009345794392523364
00001garden,17,5,0,1,0.0,1,107,0.009345794392523364
00001garden,17,10,0,1,0.0,1,108,0.009259259259259259
00001garden,17,20,0,1,0.0,1,107,0.009345794392523364
00001garden,18,1,0,0,,0,0,
00001garden,18,2,0,0,,0,0,
00001garden,18,5,0,0,,0,0,
00001garden,18,10,0,0,,0,0,
00001garden,18,20,0,0,,0,0,
00003garden,1,1,0,0,,0,2827,0.0
00003garden,1,2,0,0,,0,2826,0.0
00003garden,1,5,0,0,,0,2824,0.0
00003garden,1,10,0,0,,0,2819,0.0
00003garden,1,20,0,0,,0,2808,0.0
00003garden,2,1,0,0,,0,3250,0.0
00003garden,2,2,0,0,,0,3245,0.0
00003garden,2,5,0,0,,0,3238,0.0
00003garden,2,10,0,0,,0,3227,0.0
00003garden,2,20,0,0,,0,3208,0.0
00003garden,3,1,0,0,,0,0,
00003garden,3,2,0,0,,0,0,
00003garden,3,5,0,0,,0,0,
00003garden,3,10,0,0,,0,0,
00003garden,3,20,0,0,,0,0,
00003garden,4,1,24,64,0.375,64,272,0.23529411764705882
00003garden,4,2,22,62,0.3548387096774194,62,270,0.22962962962962963
00003garden,4,5,16,56,0.2857142857142857,56,264,0.21212121212121213
00003garden,4,10,26,66,0.3939393939393939,66,274,0.24087591240875914
00003garden,4,20,39,77,0.5064935064935064,72,283,0.254416961130742
00003garden,5,1,0,0,,0,0,
00003garden,5,2,0,0,,0,0,
00003garden,5,5,0,0,,0,0,
00003garden,5,10,0,0,,0,0,
00003garden,5,20,0,0,,0,0,
00003garden,6,1,0,13,0.0,13,646,0.020123839009287926
00003garden,6,2,0,13,0.0,13,646,0.020123839009287926
00003garden,6,5,0,13,0.0,13,646,0.020123839009287926
00003garden,6,10,0,13,0.0,13,646,0.020123839009287926
00003garden,6,20,0,13,0.0,13,647,0.02009273570324575
00003garden,7,1,0,0,,0,0,
00003garden,7,2,0,0,,0,0,
00003garden,7,5,0,0,,0,0,
00003garden,7,10,0,0,,0,0,
00003garden,7,20,0,0,,0,0,
00003garden,8,1,0,0,,0,0,
00003garden,8,2,0,0,,0,0,
00003garden,8,5,0,0,,0,0,
00003garden,8,10,0,0,,0,0,
00003garden,8,20,0,0,,0,0,
00003garden,9,1,0,0,,0,0,
00003garden,9,2,0,0,,0,0,
00003garden,9,5,0,0,,0,0,
00003garden,9,10,0,0,,0,0,
00003garden,9,20,0,0,,0,0,
00003garden,10,1,0,61,0.0,61,122,0.5
00003garden,10,2,0,61,0.0,61,122,0.5
00003garden,10,5,0,61,0.0,61,122,0.5
00003garden,10,10,0,61,0.0,61,122,0.5
00003garden,10,20,0,61,0.0,61,122,0.5
00003garden,11,1,0,0,,0,0,
00003garden,11,2,0,0,,0,0,
00003garden,11,5,0,0,,0,0,
00003garden,11,10,0,0,,0,0,
00003garden,11,20,0,0,,0,0,
00003garden,12,1,0,0,,0,0,
00003garden,12,2,0,0,,0,0,
00003garden,12,5,0,0,,0,0,
00003garden,12,10,0,0,,0,0,
00003garden,12,20,0,0,,0,0,
00003garden,13,1,0,0,,0,0,
00003garden,13,2,0,0,,0,0,
00003garden,13,5,0,0,,0,0,
00003garden,13,10,0,0,,0,0,
00003garden,13,20,0,0,,0,0,
00005garden,1,1,3,5,0.6,5,735,0.006802721088435374
00005garden,1,2,4,4,1.0,8,736,0.010869565217391304
00005garden,1,5,2,4,0.5,9,732,0.012295081967213115
00005garden,1,10,0,7,0.0,11,729,0.015089163237311385
00005garden,1,20,0,10,0.0,12,720,0.016666666666666666
00005garden,2,1,0,0,,0,1265,0.0
00005garden,2,2,0,0,,0,1264,0.0
00005garden,2,5,0,0,,0,1261,0.0
00005garden,2,10,0,0,,0,1256,0.0
00005garden,2,20,0,0,,0,1241,0.0
00005garden,3,1,0,3,0.0,4,833,0.004801920768307323
00005garden,3,2,0,3,0.0,4,833,0.004801920768307323
00005garden,3,5,0,5,0.0,4,831,0.0048134777376654635
00005garden,3,10,0,5,0.0,5,827,0.006045949214026602
00005garden,3,20,0,5,0.0,5,812,0.006157635467980296
00005garden,4,1,0,7,0.0,7,329,0.02127659574468085
00005garden,4,2,0,7,0.0,7,328,0.021341463414634148
00005garden,4,5,0,7,0.0,7,324,0.021604938271604937
00005garden,4,10,0,7,0.0,7,319,0.0219435736677116
00005garden,4,20,0,7,0.0,7,320,0.021875
00005garden,5,1,0,0,,0,361,0.0
00005garden,5,2,0,0,,0,360,0.0
00005garden,5,5,0,0,,0,357,0.0
00005garden,5,10,0,0,,0,352,0.0
00005garden,5,20,0,0,,0,342,0.0
00005garden,6,1,0,0,,0,0,
00005garden,6,2,0,0,,0,0,
00005garden,6,5,0,0,,0,0,
00005garden,6,10,0,0,,0,0,
00005garden,6,20,0,0,,0,0,
00005garden,7,1,0,0,,0,0,
00005garden,7,2,0,0,,0,0,
00005garden,7,5,0,0,,0,0,
00005garden,7,10,0,0,,0,0,
00005garden,7,20,0,0,,0,0,
00005garden,8,1,0,0,,0,0,
00005garden,8,2,0,0,,0,0,
00005garden,8,5,0,0,,0,0,
00005garden,8,10,0,0,,0,0,
00005garden,8,20,0,0,,0,0,
00005garden,9,1,0,0,,0,0,
00005garden,9,2,0,0,,0,0,
00005garden,9,5,0,0,,0,0,
00005garden,9,10,0,0,,0,0,
00005garden,9,20,0,0,,0,0,
00005garden,10,1,0,0,,0,0,
00005garden,10,2,0,0,,0,0,
00005garden,10,5,0,0,,0,0,
00005garden,10,10,0,0,,0,0,
00005garden,10,20,0,0,,0,0,
00005garden,11,1,0,0,,0,0,
00005garden,11,2,0,0,,0,0,
00005garden,11,5,0,0,,0,0,
00005garden,11,10,0,0,,0,0,
00005garden,11,20,0,0,,0,0,
00005garden,12,1,0,0,,0,0,
00005garden,12,2,0,0,,0,0,
00005garden,12,5,0,0,,0,0,
00005garden,12,10,0,0,,0,0,
00005garden,12,20,0,0,,0,0,
00005garden,13,1,0,0,,0,0,
00005garden,13,2,0,0,,0,0,
00005garden,13,5,0,0,,0,0,
00005garden,13,10,0,0,,0,0,
00005garden,13,20,0,0,,0,0,
00005garden,14,1,0,0,,0,0,
00005garden,14,2,0,0,,0,0,
00005garden,14,5,0,0,,0,0,
00005garden,14,10,0,0,,0,0,
00005garden,14,20,0,0,,0,0,
00005garden,15,1,0,0,,0,0,
00005garden,15,2,0,0,,0,0,
00005garden,15,5,0,0,,0,0,
00005garden,15,10,0,0,,0,0,
00005garden,15,20,0,0,,0,0,
00005garden,16,1,0,0,,0,0,
00005garden,16,2,0,0,,0,0,
00005garden,16,5,0,0,,0,0,
00005garden,16,10,0,0,,0,0,
00005garden,16,20,0,0,,0,0,
00005garden,17,1,0,0,,0,0,
00005garden,17,2,0,0,,0,0,
00005garden,17,5,0,0,,0,0,
00005garden,17,10,0,0,,0,0,
00005garden,17,20,0,0,,0,0,
00005garden,18,1,0,0,,0,0,
00005garden,18,2,0,0,,0,0,
00005garden,18,5,0,0,,0,0,
00005garden,18,10,0,0,,0,0,
00005garden,18,20,0,0,,0,0,
00005garden,19,1,0,0,,0,0,
00005garden,19,2,0,0,,0,0,
00005garden,19,5,0,0,,0,0,
00005garden,19,10,0,0,,0,0,
00005garden,19,20,0,0,,0,0,
00005garden,20,1,0,0,,0,0,
00005garden,20,2,0,0,,0,0,
00005garden,20,5,0,0,,0,0,
00005garden,20,10,0,0,,0,0,
00005garden,20,20,0,0,,0,0,
00005garden,21,1,0,0,,0,0,
00005garden,21,2,0,0,,0,0,
00005garden,21,5,0,0,,0,0,
00005garden,21,10,0,0,,0,0,
00005garden,21,20,0,0,,0,0,
00005garden,22,1,0,0,,0,0,
00005garden,22,2,0,0,,0,0,
00005garden,22,5,0,0,,0,0,
00005garden,22,10,0,0,,0,0,
00005garden,22,20,0,0,,0,0,
00005garden,23,1,0,0,,0,0,
00005garden,23,2,0,0,,0,0,
00005garden,23,5,0,0,,0,0,
00005garden,23,10,0,0,,0,0,
00005garden,23,20,0,0,,0,0,
00005garden,24,1,0,0,,0,0,
00005garden,24,2,0,0,,0,0,
00005garden,24,5,0,0,,0,0,
00005garden,24,10,0,0,,0,0,
00005garden,24,20,0,0,,0,0,
00005garden,25,1,0,0,,0,0,
00005garden,25,2,0,0,,0,0,
00005garden,25,5,0,0,,0,0,
00005garden,25,10,0,0,,0,0,
00005garden,25,20,0,0,,0,0,
00005garden,26,1,0,0,,0,0,
00005garden,26,2,0,0,,0,0,
00005garden,26,5,0,0,,0,0,
00005garden,26,10,0,0,,0,0,
00005garden,26,20,0,0,,0,0,
00005garden,27,1,0,0,,0,0,
00005garden,27,2,0,0,,0,0,
00005garden,27,5,0,0,,0,0,
00005garden,27,10,0,0,,0,0,
00005garden,27,20,0,0,,0,0,
00005garden,28,1,0,0,,0,0,
00005garden,28,2,0,0,,0,0,
00005garden,28,5,0,0,,0,0,
00005garden,28,10,0,0,,0,0,
00005garden,28,20,0,0,,0,0,
00005garden,29,1,0,0,,0,0,
00005garden,29,2,0,0,,0,0,
00005garden,29,5,0,0,,0,0,
00005garden,29,10,0,0,,0,0,
00005garden,29,20,0,0,,0,0,
00005garden,30,1,0,0,,0,0,
00005garden,30,2,0,0,,0,0,
00005garden,30,5,0,0,,0,0,
00005garden,30,10,0,0,,0,0,
00005garden,30,20,0,0,,0,0,
00012night,1,1,0,252,0.0,251,1611,0.1558038485412787
00012night,1,2,0,252,0.0,250,1609,0.15537600994406464
00012night,1,5,0,252,0.0,248,1607,0.15432482887367766
00012night,1,10,0,252,0.0,243,1600,0.151875
00012night,1,20,0,252,0.0,233,1582,0.1472819216182048
00012night,2,1,0,0,,0,1619,0.0
00012night,2,2,0,0,,0,1618,0.0
00012night,2,5,0,0,,0,1615,0.0
00012night,2,10,0,0,,0,1608,0.0
00012night,2,20,0,0,,0,1589,0.0
00018court1,1,1,0,4,0.0,4,4789,0.0008352474420547087
00018court1,1,2,0,4,0.0,4,4787,0.0008355964069354502
00018court1,1,5,0,3,0.0,4,4781,0.0008366450533361222
00018court1,1,10,0,4,0.0,4,4772,0.0008382229673093043
00018court1,1,20,0,4,0.0,2,4754,0.00042069835927639884
00018court1,2,1,0,66,0.0,65,4751,0.013681330246263945
00018court1,2,2,0,66,0.0,64,4750,0.013473684210526317
00018court1,2,5,0,66,0.0,65,4741,0.013710187724108838
00018court1,2,10,0,66,0.0,64,4734,0.01351922264469793
00018court1,2,20,1,56,0.017857142857142856,64,4712,0.013582342954159592
00018court1,3,1,0,0,,0,4211,0.0
00018court1,3,2,0,0,,0,4210,0.0
00018court1,3,5,0,0,,0,4207,0.0
00018court1,3,10,0,0,,0,4203,0.0
00018court1,3,20,0,0,,0,4193,0.0
00019court2,1,1,0,0,,0,1610,0.0
00019court2,1,2,0,0,,0,1608,0.0
00019court2,1,5,0,0,,0,1602,0.0
00019court2,1,10,0,0,,0,1592,0.0
00019court2,1,20,0,0,,0,1572,0.0
00019court2,2,1,0,52,0.0,53,1562,0.03393085787451985
00019court2,2,2,0,51,0.0,53,1561,0.033952594490711085
00019court2,2,5,0,48,0.0,53,1556,0.03406169665809768
00019court2,2,10,0,43,0.0,53,1546,0.03428201811125485
00019court2,2,20,0,33,0.0,52,1523,0.034143138542350626
00022gate,1,1,2,21,0.09523809523809523,20,4006,0.004992511233150275
00022gate,1,2,2,21,0.09523809523809523,20,4005,0.004993757802746567
00022gate,1,5,1,21,0.047619047619047616,23,3989,0.005765856104286789
00022gate,1,10,1,24,0.041666666666666664,22,3962,0.005552751135790005
00022gate,1,20,0,25,0.0,25,3934,0.006354855109303508
00022gate,2,1,0,7,0.0,8,3788,0.0021119324181626186
00022gate,2,2,1,7,0.14285714285714285,8,3784,0.0021141649048625794
00022gate,2,5,1,7,0.14285714285714285,10,3770,0.002652519893899204
00022gate,2,10,1,7,0.14285714285714285,10,3751,0.002665955745134631
00022gate,2,20,0,7,0.0,10,3728,0.002682403433476395
00022gate,3,1,0,0,,0,709,0.0
00022gate,3,2,0,0,,0,711,0.0
00022gate,3,5,0,0,,0,719,0.0
00022gate,3,10,0,0,,0,730,0.0
00022gate,3,20,0,0,,0,732,0.0
00023court4,1,1,0,0,,0,4094,0.0
00023court4,1,2,0,0,,0,4092,0.0
00023court4,1,5,0,0,,0,4086,0.0
00023court4,1,10,0,0,,0,4076,0.0
00023court4,1,20,0,0,,0,4056,0.0
00023court4,2,1,0,1,0.0,1,4072,0.0002455795677799607
00023court4,2,2,0,1,0.0,1,4070,0.0002457002457002457
00023court4,2,5,0,1,0.0,1,4064,0.00024606299212598425
00023court4,2,10,0,1,0.0,1,4054,0.000246669955599408
00023court4,2,20,0,1,0.0,1,4034,0.00024789291026276647
00023court4,3,1,0,4,0.0,4,3445,0.0011611030478955006
00023court4,3,2,0,4,0.0,4,3444,0.0011614401858304297
00023court4,3,5,0,4,0.0,4,3441,0.0011624527753560012
00023court4,3,10,0,3,0.0,4,3436,0.0011641443538998836
00023court4,3,20,0,2,0.0,4,3428,0.0011668611435239206
00023court4,4,1,0,5,0.0,5,3144,0.0015903307888040711
00023court4,4,2,0,5,0.0,5,3143,0.001590836780146357
00023court4,4,5,0,5,0.0,5,3139,0.0015928639694170119
00023court4,4,10,0,5,0.0,5,3135,0.001594896331738437
00023court4,4,20,0,5,0.0,0,3133,0.0
00027square,1,1,0,0,,0,3536,0.0
00027square,1,2,0,0,,0,3534,0.0
00027square,1,5,0,0,,0,3528,0.0
00027square,1,10,0,0,,0,3518,0.0
00027square,1,20,0,0,,0,3498,0.0
00027square,2,1,45,45,1.0,45,2276,0.01977152899824253
00027square,2,2,44,44,1.0,44,2274,0.019349164467897976
00027square,2,5,41,41,1.0,41,2268,0.018077601410934743
00027square,2,10,36,36,1.0,36,2250,0.016
00027square,2,20,26,26,1.0,26,2222,0.011701170117011701
00027square,3,1,0,3,0.0,3,3350,0.0008955223880597015
00027square,3,2,0,3,0.0,3,3350,0.0008955223880597015
00027square,3,5,0,3,0.0,2,3346,0.0005977286312014345
00027square,3,10,0,3,0.0,3,3342,0.0008976660682226212
00027square,3,20,0,3,0.0,3,3330,0.0009009009009009009
00027square,4,1,0,4,0.0,4,3081,0.0012982797792924375
00027square,4,2,0,4,0.0,4,3080,0.0012987012987012987
00027square,4,5,0,4,0.0,4,3079,0.0012991230919129587
00027square,4,10,0,4,0.0,4,3079,0.0012991230919129587
00027square,4,20,0,4,0.0,4,3075,0.0013008130081300813
00027square,5,1,0,0,,0,0,
00027square,5,2,0,0,,0,0,
00027square,5,5,0,0,,0,0,
00027square,5,10,0,0,,0,0,
00027square,5,20,0,0,,0,0,
00028path,1,1,0,11,0.0,11,2572,0.0042768273716951785
00028path,1,2,0,11,0.0,11,2573,0.004275165176836378
00028path,1,5,0,11,0.0,11,2574,0.004273504273504274
00028path,1,10,0,11,0.0,11,2577,0.004268529297632906
00028path,1,20,0,11,0.0,11,2578,0.004266873545384018
00028path,2,1,0,0,,0,1961,0.0
00028path,2,2,0,0,,0,1960,0.0
00028path,2,5,0,0,,0,1957,0.0
00028path,2,10,0,0,,0,1952,0.0
00028path,2,20,0,0,,0,1942,0.0
00028path,3,1,872,965,0.9036269430051813,967,2537,0.3811588490342925
00028path,3,2,872,964,0.9045643153526971,968,2535,0.38185404339250495
00028path,3,5,872,961,0.9073881373569199,971,2538,0.3825847123719464
00028path,3,10,872,956,0.9121338912133892,976,2538,0.38455476753349094
00028path,3,20,872,947,0.9208025343189018,986,2538,0.38849487785658
00028path,4,1,1055,1303,0.8096699923254029,1302,2896,0.449585635359116
00028path,4,2,1053,1301,0.8093774019984628,1301,2895,0.4493955094991364
00028path,4,5,1051,1299,0.8090839107005389,1295,2889,0.44825199030806506
00028path,4,10,1045,1292,0.8088235294117647,1285,2879,0.44633553317124003
00028path,4,20,1035,1282,0.8073322932917316,1265,2859,0.44246239944036375
00028path,5,1,0,0,,0,203,0.0
00028path,5,2,0,0,,0,202,0.0
00028path,5,5,0,0,,0,199,0.0
00028path,5,10,0,0,,0,194,0.0
00028path,5,20,0,0,,0,184,0.0
00029path,1,1,0,150,0.0,152,466,0.3261802575107296
00029path,1,2,0,149,0.0,153,466,0.3283261802575107
00029path,1,5,0,146,0.0,156,466,0.33476394849785407
00029path,1,10,0,141,0.0,161,466,0.34549356223175964
00029path,1,20,0,131,0.0,171,466,0.3669527896995708
00029path,2,1,0,203,0.0,202,1616,0.125
00029path,2,2,0,203,0.0,201,1614,0.12453531598513011
00029path,2,5,0,203,0.0,198,1608,0.12313432835820895
00029path,2,10,0,203,0.0,193,1598,0.12077596996245307
00029path,2,20,0,203,0.0,183,1586,0.11538461538461539
00029path,3,1,0,547,0.0,548,1159,0.4728213977566868
00029path,3,2,0,546,0.0,548,1158,0.47322970639032813
00029path,3,5,0,543,0.0,548,1155,0.47445887445887447
00029path,3,10,0,538,0.0,548,1150,0.4765217391304348
00029path,3,20,0,528,0.0,548,1140,0.4807017543859649
00029path,4,1,0,2,0.0,2,997,0.0020060180541624875
00029path,4,2,0,2,0.0,2,996,0.002008032128514056
00029path,4,5,0,2,0.0,2,993,0.002014098690835851
00029path,4,10,0,2,0.0,2,988,0.0020242914979757085
00029path,4,20,0,2,0.0,2,978,0.002044989775051125
00029path,5,1,0,1,0.0,1,1398,0.000715307582260372
00029path,5,2,0,1,0.0,1,1398,0.000715307582260372
00029path,5,5,0,1,0.0,1,1398,0.000715307582260372
00029path,5,10,0,1,0.0,1,1398,0.000715307582260372
00029path,5,20,0,1,0.0,1,1398,0.000715307582260372
00029path,7,1,0,0,,0,0,
00029path,7,2,0,0,,0,0,
00029path,7,5,0,0,,0,0,
00029path,7,10,0,0,,0,0,
00029path,7,20,0,0,,0,0,
00043football,1,1,0,0,,0,2000,0.0
00043football,1,2,0,0,,0,1998,0.0
00043football,1,5,0,0,,0,1992,0.0
00043football,1,10,0,0,,0,1982,0.0
00043football,1,20,0,0,,0,1962,0.0
00043football,2,1,0,0,,0,2000,0.0
00043football,2,2,0,0,,0,1998,0.0
00043football,2,5,0,0,,0,1992,0.0
00043football,2,10,0,0,,0,1982,0.0
00043football,2,20,0,0,,0,1962,0.0
00043football,3,1,0,4,0.0,4,1305,0.0030651340996168583
00043football,3,2,0,4,0.0,4,1304,0.003067484662576687
00043football,3,5,0,4,0.0,4,1299,0.003079291762894534
00043football,3,10,0,4,0.0,4,1289,0.0031031807602792862
00043football,3,20,0,4,0.0,4,1270,0.0031496062992125984
00043football,4,1,0,0,,0,1986,0.0
00043football,4,2,0,0,,0,1984,0.0
00043football,4,5,0,0,,0,1978,0.0
00043football,4,10,0,0,,0,1968,0.0
00043football,4,20,0,0,,0,1948,0.0
00043football,5,1,0,0,,0,1962,0.0
00043football,5,2,0,0,,0,1960,0.0
00043football,5,5,0,0,,0,1954,0.0
00043football,5,10,0,0,,0,1944,0.0
00043football,5,20,0,0,,0,1925,0.0
00043football,6,1,0,18,0.0,15,1909,0.00785751702462022
00043football,6,2,0,20,0.0,15,1906,0.007869884575026232
00043football,6,5,0,20,0.0,14,1897,0.007380073800738007
00043football,6,10,0,23,0.0,9,1881,0.004784688995215311
00043football,6,20,0,27,0.0,3,1853,0.0016189962223421479
00043football,7,1,0,32,0.0,33,1577,0.02092580849714648
00043football,7,2,0,32,0.0,33,1576,0.020939086294416244
00043football,7,5,0,32,0.0,32,1573,0.020343293070565798
00043football,7,10,0,32,0.0,32,1575,0.020317460317460317
00043football,7,20,0,32,0.0,33,1553,0.021249195106245976
00043football,8,1,0,5,0.0,4,1849,0.002163331530557058
00043football,8,2,0,4,0.0,3,1846,0.0016251354279523294
00043football,8,5,0,5,0.0,2,1841,0.0010863661053775121
00043football,8,10,0,2,0.0,2,1838,0.001088139281828074
00043football,8,20,0,1,0.0,5,1825,0.0027397260273972603
00043football,9,1,0,15,0.0,15,1330,0.011278195488721804
00043football,9,2,0,15,0.0,15,1328,0.011295180722891566
00043football,9,5,0,15,0.0,15,1322,0.0113464447806354
00043football,9,10,0,15,0.0,15,1317,0.011389521640091117
00043football,9,20,0,15,0.0,15,1306,0.011485451761102604
00043football,10,1,0,0,,0,1891,0.0
00043football,10,2,0,0,,0,1890,0.0
00043football,10,5,0,0,,0,1887,0.0
00043football,10,10,0,0,,0,1886,0.0
00043football,10,20,0,0,,0,1877,0.0
00043football,11,1,0,49,0.0,48,1924,0.02494802494802495
00043football,11,2,0,49,0.0,47,1922,0.02445369406867846
00043football,11,5,0,49,0.0,44,1916,0.022964509394572025
00043football,11,10,3,49,0.061224489795918366,38,1906,0.01993704092339979
00043football,11,20,5,44,0.11363636363636363,27,1888,0.014300847457627119
00043football,12,1,4,195,0.020512820512820513,194,391,0.4961636828644501
00043football,12,2,4,195,0.020512820512820513,193,391,0.4936061381074169
00043football,12,5,4,190,0.021052631578947368,191,382,0.5
00043football,12,10,3,191,0.015706806282722512,192,382,0.5026178010471204
00043football,12,20,6,186,0.03225806451612903,189,371,0.5094339622641509
00043football,13,1,0,0,,0,160,0.0
00043football,13,2,0,0,,0,159,0.0
00043football,13,5,0,0,,0,159,0.0
00043football,13,10,0,0,,0,158,0.0
00043football,13,20,0,0,,0,156,0.0
00043football,14,1,0,0,,0,268,0.0
00043football,14,2,0,0,,0,268,0.0
00043football,14,5,0,0,,0,267,0.0
00043football,14,10,0,0,,0,271,0.0
00043football,14,20,0,0,,0,267,0.0
00043football,15,1,2,33,0.06060606060606061,36,105,0.34285714285714286
00043football,15,2,2,30,0.06666666666666667,34,101,0.33663366336633666
00043football,15,5,1,27,0.037037037037037035,29,95,0.30526315789473685
00043football,15,10,2,25,0.08,28,95,0.29473684210526313
00043football,15,20,2,28,0.07142857142857142,31,99,0.31313131313131315
00043football,16,1,0,0,,0,865,0.0
00043football,16,2,0,0,,0,864,0.0
00043football,16,5,0,0,,0,861,0.0
00043football,16,10,0,0,,0,856,0.0
00043football,16,20,0,0,,0,846,0.0
00043football,17,1,0,2,0.0,2,1968,0.0010162601626016261
00043football,17,2,0,2,0.0,2,1966,0.001017293997965412
00043football,17,5,0,2,0.0,2,1960,0.0010204081632653062
00043football,17,10,0,2,0.0,2,1950,0.0010256410256410256
00043football,17,20,0,2,0.0,2,1931,0.0010357327809425167
00043football,18,1,1,4,0.25,3,1934,0.0015511892450879006
00043football,18,2,2,5,0.4,3,1932,0.0015527950310559005
00043football,18,5,0,5,0.0,1,1923,0.0005200208008320333
00043football,18,10,0,5,0.0,3,1910,0.0015706806282722514
00043football,18,20,0,5,0.0,5,1888,0.0026483050847457626
00043football,19,1,0,4,0.0,3,138,0.021739130434782608
00043football,19,2,0,4,0.0,4,138,0.028985507246376812
00043football,19,5,0,3,0.0,4,133,0.03007518796992481
00043football,19,10,0,3,0.0,4,128,0.03125
00043football,19,20,0,4,0.0,4,118,0.03389830508474576
00043football,20,1,0,0,,0,1289,0.0
00043football,20,2,0,0,,0,1288,0.0
00043football,20,5,0,0,,0,1285,0.0
00043football,20,10,0,0,,0,1280,0.0
00043football,20,20,0,0,,0,1270,0.0
00043football,21,1,0,6,0.0,6,1074,0.00558659217877095
00043football,21,2,0,6,0.0,6,1074,0.00558659217877095
00043football,21,5,0,6,0.0,6,1074,0.00558659217877095
00043football,21,10,0,6,0.0,6,1074,0.00558659217877095
00043football,21,20,0,0,,6,1076,0.0055762081784386614
00043football,22,1,0,0,,0,488,0.0
00043football,22,2,0,0,,0,486,0.0
00043football,22,5,0,0,,0,481,0.0
00043football,22,10,0,0,,0,478,0.0
00043football,22,20,0,0,,0,464,0.0
00043football,23,1,0,0,,0,760,0.0
00043football,23,2,0,0,,0,760,0.0
00043football,23,5,0,0,,0,760,0.0
00043football,23,10,0,0,,0,760,0.0
00043football,23,20,0,0,,0,760,0.0
00043football,24,1,0,0,,0,567,0.0
00043football,24,2,0,0,,0,566,0.0
00043football,24,5,0,0,,0,563,0.0
00043football,24,10,0,0,,0,558,0.0
00043football,24,20,0,0,,0,548,0.0
00043football,25,1,0,12,0.0,10,337,0.02967359050445104
00043football,25,2,0,12,0.0,9,335,0.026865671641791045
00043football,25,5,1,12,0.08333333333333333,7,329,0.02127659574468085
00043football,25,10,4,14,0.2857142857142857,8,324,0.024691358024691357
00043football,25,20,0,14,0.0,12,312,0.038461538461538464
00043football,26,1,0,0,,0,45,0.0
00043football,26,2,0,0,,0,44,0.0
00043football,26,5,0,0,,0,41,0.0
00043football,26,10,0,0,,0,36,0.0
00043football,26,20,0,0,,0,26,0.0
00043football,27,1,0,0,,0,0,
00043football,27,2,0,0,,0,0,
00043football,27,5,0,0,,0,0,
00043football,27,10,0,0,,0,0,
00043football,27,20,0,0,,0,0,
00043football,28,1,0,0,,0,0,
00043football,28,2,0,0,,0,0,
00043football,28,5,0,0,,0,0,
00043football,28,10,0,0,,0,0,
00043football,28,20,0,0,,0,0,
00051football,1,1,0,5,0.0,6,2027,0.0029600394671928957
00051football,1,2,0,5,0.0,6,2025,0.002962962962962963
00051football,1,5,0,5,0.0,6,2016,0.002976190476190476
00051football,1,10,0,6,0.0,6,2008,0.00298804780876494
00051football,1,20,0,6,0.0,6,1986,0.0030211480362537764
00051football,2,1,0,9,0.0,9,2028,0.004437869822485207
00051football,2,2,0,9,0.0,9,2026,0.004442250740375123
00051football,2,5,0,9,0.0,9,2020,0.004455445544554455
00051football,2,10,0,9,0.0,9,2010,0.004477611940298508
00051football,2,20,0,9,0.0,9,1990,0.004522613065326633
00051football,3,1,785,1034,0.7591876208897486,1032,2058,0.5014577259475219
00051football,3,2,784,1034,0.758220502901354,1030,2056,0.5009727626459144
00051football,3,5,781,1034,0.7553191489361702,1024,2050,0.4995121951219512
00051football,3,10,776,1034,0.7504835589941973,1014,2040,0.4970588235294118
00051football,3,20,766,1034,0.7408123791102514,994,2020,0.49207920792079207
00051football,4,1,0,0,,0,1994,0.0
00051football,4,2,0,0,,0,1992,0.0
00051football,4,5,0,0,,0,1984,0.0
00051football,4,10,0,0,,0,1978,0.0
00051football,4,20,0,0,,0,1961,0.0
00051football,5,1,0,149,0.0,148,2032,0.07283464566929133
00051football,5,2,0,149,0.0,147,2030,0.07241379310344828
00051football,5,5,0,149,0.0,144,2024,0.07114624505928854
00051football,5,10,0,149,0.0,139,2014,0.06901688182720954
00051football,5,20,0,149,0.0,129,1995,0.06466165413533835
00051football,6,1,778,1006,0.7733598409542743,1004,2027,0.49531327084361126
00051football,6,2,778,1007,0.7725918570009931,1003,2026,0.4950641658440276
00051football,6,5,775,1007,0.7696127110228401,997,2020,0.49356435643564356
00051football,6,10,770,1007,0.7646474677259185,987,2010,0.491044776119403
00051football,6,20,760,1007,0.7547169811320755,967,1990,0.48592964824120605
00051football,7,1,0,118,0.0,117,1976,0.05921052631578947
00051football,7,2,0,118,0.0,116,1974,0.05876393110435663
00051football,7,5,0,118,0.0,113,1968,0.05741869918699187
00051football,7,10,0,118,0.0,108,1958,0.05515832482124617
00051football,7,20,0,118,0.0,98,1938,0.05056759545923633
00051football,8,1,0,6,0.0,6,2040,0.0029411764705882353
00051football,8,2,0,6,0.0,6,2038,0.002944062806673209
00051football,8,5,0,6,0.0,6,2032,0.002952755905511811
00051football,8,10,0,6,0.0,6,2022,0.002967359050445104
00051football,8,20,0,6,0.0,6,2007,0.0029895366218236174
00051football,9,1,0,0,,0,2045,0.0
00051football,9,2,0,0,,0,2043,0.0
00051football,9,5,0,0,,0,2036,0.0
00051football,9,10,0,0,,0,2027,0.0
00051football,9,20,0,0,,0,2008,0.0
00051football,10,1,0,35,0.0,35,1814,0.019294377067254686
00051football,10,2,0,35,0.0,35,1812,0.019315673289183224
00051football,10,5,0,34,0.0,35,1806,0.01937984496124031
00051football,10,10,0,31,0.0,34,1792,0.018973214285714284
00051football,10,20,0,29,0.0,32,1773,0.01804850535815003
00051football,11,1,0,150,0.0,149,2050,0.07268292682926829
00051football,11,2,0,150,0.0,148,2048,0.072265625
00051football,11,5,0,150,0.0,145,2042,0.07100881488736532
00051football,11,10,0,150,0.0,139,2032,0.06840551181102363
00051football,11,20,0,150,0.0,130,2012,0.06461232604373758
00051football,12,1,0,4,0.0,4,2048,0.001953125
00051football,12,2,0,4,0.0,4,2046,0.0019550342130987292
00051football,12,5,0,4,0.0,4,2040,0.00196078431372549
00051football,12,10,0,4,0.0,4,2030,0.0019704433497536944
00051football,12,20,0,4,0.0,4,2011,0.001989060169070114
00051football,13,1,0,6,0.0,6,2050,0.002926829268292683
00051football,13,2,0,6,0.0,6,2048,0.0029296875
00051football,13,5,0,6,0.0,5,2043,0.0024473813020068525
00051football,13,10,0,6,0.0,3,2036,0.0014734774066797642
00051football,13,20,0,6,0.0,1,2020,0.0004950495049504951
00051football,14,1,0,11,0.0,11,2060,0.005339805825242718
00051football,14,2,0,11,0.0,11,2058,0.005344995140913508
00051football,14,5,0,11,0.0,11,2053,0.00535801266439357
00051football,14,10,0,11,0.0,10,2045,0.004889975550122249
00051football,14,20,0,11,0.0,10,2026,0.004935834155972359
00051football,15,1,0,110,0.0,109,2022,0.05390702274975272
00051football,15,2,0,110,0.0,108,2020,0.053465346534653464
00051football,15,5,0,110,0.0,105,2014,0.052135054617676264
00051football,15,10,1,110,0.00909090909090909,100,2004,0.0499001996007984
00051football,15,20,0,110,0.0,87,1984,0.043850806451612906
00051football,16,1,0,2,0.0,2,2034,0.0009832841691248771
00051football,16,2,0,2,0.0,1,2032,0.0004921259842519685
00051football,16,5,0,2,0.0,1,2026,0.0004935834155972359
00051football,16,10,0,2,0.0,1,2016,0.000496031746031746
00051football,16,20,0,2,0.0,2,1996,0.001002004008016032
00051football,17,1,0,4,0.0,4,1996,0.002004008016032064
00051football,17,2,0,4,0.0,4,1994,0.0020060180541624875
00051football,17,5,0,4,0.0,4,1988,0.002012072434607646
00051football,17,10,0,4,0.0,4,1982,0.0020181634712411706
00051football,17,20,0,3,0.0,4,1963,0.0020376974019358125
00051football,18,1,849,864,0.9826388888888888,864,1702,0.5076380728554641
00051football,18,2,848,863,0.9826187717265353,863,1700,0.5076470588235295
00051football,18,5,845,860,0.9825581395348837,860,1694,0.5076741440377804
00051football,18,10,835,850,0.9823529411764705,850,1679,0.5062537224538416
00051football,18,20,821,835,0.9832335329341317,833,1666,0.5
00051football,19,1,0,1,0.0,1,2060,0.0004854368932038835
00051football,19,2,0,1,0.0,1,2058,0.00048590864917395527
00051football,19,5,0,1,0.0,1,2052,0.0004873294346978557
00051football,19,10,0,1,0.0,1,2042,0.0004897159647404506
00051football,19,20,0,1,0.0,1,2022,0.0004945598417408506
00051football,20,1,0,10,0.0,10,1946,0.0051387461459403904
00051football,20,2,0,10,0.0,10,1944,0.0051440329218107
00051football,20,5,0,10,0.0,10,1938,0.005159958720330237
00051football,20,10,0,10,0.0,10,1928,0.005186721991701245
00051football,20,20,0,10,0.0,10,1909,0.005238344683080147
00051football,21,1,0,53,0.0,53,1368,0.03874269005847953
00051football,21,2,0,53,0.0,53,1366,0.038799414348462666
00051football,21,5,0,53,0.0,53,1360,0.03897058823529412
00051football,21,10,0,50,0.0,53,1350,0.03925925925925926
00051football,21,20,0,41,0.0,53,1333,0.03975993998499625
00051football,22,1,0,435,0.0,435,1877,0.23175279701651572
00051football,22,2,0,435,0.0,435,1875,0.232
00051football,22,5,0,435,0.0,435,1867,0.2329941081949652
00051football,22,10,0,435,0.0,435,1851,0.23500810372771475
00051football,22,20,0,432,0.0,435,1833,0.23731587561374795
00051football,23,1,0,0,,0,1639,0.0
00051football,23,2,0,0,,0,1638,0.0
00051football,23,5,0,0,,0,1635,0.0
00051football,23,10,0,0,,0,1630,0.0
00051football,23,20,0,0,,0,1620,0.0
00051football,24,1,0,7,0.0,6,275,0.02181818181818182
00051football,24,2,0,7,0.0,6,272,0.022058823529411766
00051football,24,5,0,7,0.0,5,263,0.019011406844106463
00051football,24,10,0,7,0.0,7,257,0.027237354085603113
00051football,24,20,0,7,0.0,7,262,0.026717557251908396
00051football,25,1,0,5,0.0,4,116,0.034482758620689655
00051football,25,2,0,5,0.0,3,113,0.02654867256637168
00051football,25,5,0,5,0.0,3,109,0.027522935779816515
00051football,25,10,0,9,0.0,1,108,0.009259259259259259
00051football,25,20,1,9,0.1111111111111111,1,96,0.010416666666666666
00051football,26,1,0,0,,0,1854,0.0
00051football,26,2,0,0,,0,1852,0.0
00051football,26,5,0,0,,0,1846,0.0
00051football,26,10,0,0,,0,1836,0.0
00051football,26,20,0,0,,0,1814,0.0
00051football,27,1,0,0,,0,1338,0.0
00051football,27,2,0,0,,0,1338,0.0
00051football,27,5,0,0,,0,1338,0.0
00051football,27,10,0,0,,0,1334,0.0
00051football,27,20,0,0,,0,1324,0.0
00051football,28,1,0,94,0.0,92,186,0.4946236559139785
00051football,28,2,0,94,0.0,91,185,0.4918918918918919
00051football,28,5,0,96,0.0,88,184,0.4782608695652174
00051football,28,10,0,99,0.0,88,187,0.47058823529411764
00051football,28,20,0,101,0.0,88,189,0.4656084656084656
00051football,29,1,0,0,,0,0,
00051football,29,2,0,0,,0,0,
00051football,29,5,0,0,,0,0,
00051football,29,10,0,0,,0,0,
00051football,29,20,0,0,,0,0,
00051football,30,1,0,8,0.0,7,1831,0.0038230475150191155
00051football,30,2,0,8,0.0,5,1828,0.002735229759299781
00051football,30,5,0,8,0.0,2,1825,0.001095890410958904
00051football,30,10,0,8,0.0,2,1826,0.001095290251916758
00051football,30,20,0,8,0.0,2,1812,0.0011037527593818985
00051football,31,1,0,0,,0,207,0.0
00051football,31,2,0,0,,0,206,0.0
00051football,31,5,0,0,,0,203,0.0
00051football,31,10,0,0,,0,198,0.0
00051football,31,20,0,0,,0,188,0.0
00051football,32,1,0,13,0.0,13,1422,0.009142053445850914
00051football,32,2,0,12,0.0,12,1420,0.008450704225352112
00051football,32,5,0,13,0.0,12,1423,0.008432888264230498
00051football,32,10,0,10,0.0,12,1430,0.008391608391608392
00051football,32,20,0,8,0.0,12,1432,0.008379888268156424
00051football,33,1,0,4,0.0,4,296,0.013513513513513514
00051football,33,2,0,4,0.0,4,296,0.013513513513513514
00051football,33,5,0,4,0.0,4,296,0.013513513513513514
00051football,33,10,0,4,0.0,4,296,0.013513513513513514
00051football,33,20,0,4,0.0,3,300,0.01
00051football,34,1,0,0,,0,201,0.0
00051football,34,2,0,0,,0,202,0.0
00051football,34,5,0,1,0.0,1,207,0.004830917874396135
00051football,34,10,0,0,,0,201,0.0
00051football,34,20,0,1,0.0,0,194,0.0
00051football,35,1,0,64,0.0,63,141,0.44680851063829785
00051football,35,2,0,66,0.0,61,140,0.4357142857142857
00051football,35,5,0,65,0.0,60,140,0.42857142857142855
00051football,35,10,0,62,0.0,68,143,0.4755244755244755
00051football,35,20,0,66,0.0,81,159,0.5094339622641509
00051football,36,1,0,89,0.0,89,402,0.22139303482587064
00051football,36,2,0,89,0.0,89,402,0.22139303482587064
00051football,36,5,0,89,0.0,89,402,0.22139303482587064
00051football,36,10,0,89,0.0,89,402,0.22139303482587064
00051football,36,20,0,89,0.0,89,402,0.22139303482587064
00051football,37,1,0,0,,0,0,
00051football,37,2,0,0,,0,0,
00051football,37,5,0,0,,0,0,
00051football,37,10,0,0,,0,0,
00051football,37,20,0,0,,0,0,
00051football,38,1,0,0,,0,0,
00051football,38,2,0,0,,0,0,
00051football,38,5,0,0,,0,0,
00051football,38,10,0,0,,0,0,
00051football,38,20,0,0,,0,0,
00051football,39,1,0,0,,0,0,
00051football,39,2,0,0,,0,0,
00051football,39,5,0,0,,0,0,
00051football,39,10,0,0,,0,0,
00051football,39,20,0,0,,0,0,
00051football,40,1,0,0,,0,77,0.0
00051football,40,2,0,0,,0,76,0.0
00051football,40,5,0,0,,0,73,0.0
00051football,40,10,0,0,,0,68,0.0
00051football,40,20,0,0,,0,58,0.0
00051football,41,1,0,0,,0,0,
00051football,41,2,0,0,,0,0,
00051football,41,5,0,0,,0,0,
00051football,41,10,0,0,,0,0,
00051football,41,20,0,0,,0,0,
00051football,42,1,0,0,,0,25,0.0
00051football,42,2,0,0,,0,24,0.0
00051football,42,5,0,0,,0,21,0.0
00051football,42,10,0,0,,0,16,0.0
00051football,42,20,0,0,,0,13,0.0
00051football,43,1,0,0,,0,0,
00051football,43,2,0,0,,0,0,
00051football,43,5,0,0,,0,0,
00051football,43,10,0,0,,0,0,
00051football,43,20,0,0,,0,0,
00051football,44,1,0,0,,0,0,
00051football,44,2,0,0,,0,0,
00051football,44,5,0,0,,0,0,
00051football,44,10,0,0,,0,0,
00051football,44,20,0,0,,0,0,
00051football,45,1,0,0,,0,0,
00051football,45,2,0,0,,0,0,
00051football,45,5,0,0,,0,0,
00051football,45,10,0,0,,0,0,
00051football,45,20,0,0,,0,0,
00051football,46,1,0,0,,0,0,
00051football,46,2,0,0,,0,0,
00051football,46,5,0,0,,0,0,
00051football,46,10,0,0,,0,0,
00051football,46,20,0,0,,0,0,
00051football,47,1,0,0,,0,0,
00051football,47,2,0,0,,0,0,
00051football,47,5,0,0,,0,0,
00051football,47,10,0,0,,0,0,
00051football,47,20,0,0,,0,0,
00051football,48,1,0,0,,0,0,
00051football,48,2,0,0,,0,0,
00051football,48,5,0,0,,0,0,
00051football,48,10,0,0,,0,0,
00051football,48,20,0,0,,0,0,
00051football,49,1,0,0,,0,0,
00051football,49,2,0,0,,0,0,
00051football,49,5,0,0,,0,0,
00051football,49,10,0,0,,0,0,
00051football,49,20,0,0,,0,0,
00051football,50,1,0,0,,0,0,
00051football,50,2,0,0,,0,0,
00051football,50,5,0,0,,0,0,
00051football,50,10,0,0,,0,0,
00051football,50,20,0,0,,0,0,
00051football,51,1,0,0,,0,0,
00051football,51,2,0,0,,0,0,
00051football,51,5,0,0,,0,0,
00051football,51,10,0,0,,0,0,
00051football,51,20,0,0,,0,0,
00051football,52,1,0,0,,0,0,
00051football,52,2,0,0,,0,0,
00051football,52,5,0,0,,0,0,
00051football,52,10,0,0,,0,0,
00051football,52,20,0,0,,0,0,
00051football,53,1,0,0,,0,0,
00051football,53,2,0,0,,0,0,
00051football,53,5,0,0,,0,0,
00051football,53,10,0,0,,0,0,
00051football,53,20,0,0,,0,0,
00051football,54,1,0,0,,0,0,
00051football,54,2,0,0,,0,0,
00051football,54,5,0,0,,0,0,
00051football,54,10,0,0,,0,0,
00051football,54,20,0,0,,0,0,
00051football,55,1,0,0,,0,0,
00051football,55,2,0,0,,0,0,
00051football,55,5,0,0,,0,0,
00051football,55,10,0,0,,0,0,
00051football,55,20,0,0,,0,0,
00051football,56,1,0,0,,0,0,
00051football,56,2,0,0,,0,0,
00051football,56,5,0,0,,0,0,
00051football,56,10,0,0,,0,0,
00051football,56,20,0,0,,0,0,
00051football,57,1,0,0,,0,0,
00051football,57,2,0,0,,0,0,
00051football,57,5,0,0,,0,0,
00051football,57,10,0,0,,0,0,
00051football,57,20,0,0,,0,0,
00051football,58,1,0,0,,0,0,
00051football,58,2,0,0,,0,0,
00051football,58,5,0,0,,0,0,
00051football,58,10,0,0,,0,0,
00051football,58,20,0,0,,0,0,
00051football,59,1,0,0,,0,0,
00051football,59,2,0,0,,0,0,
00051football,59,5,0,0,,0,0,
00051football,59,10,0,0,,0,0,
00051football,59,20,0,0,,0,0,
00051football,60,1,0,0,,0,0,
00051football,60,2,0,0,,0,0,
00051football,60,5,0,0,,0,0,
00051football,60,10,0,0,,0,0,
00051football,60,20,0,0,,0,0,
00051football,61,1,0,0,,0,0,
00051football,61,2,0,0,,0,0,
00051football,61,5,0,0,,0,0,
00051football,61,10,0,0,,0,0,
00051football,61,20,0,0,,0,0,
00051football,62,1,0,0,,0,0,
00051football,62,2,0,0,,0,0,
00051football,62,5,0,0,,0,0,
00051football,62,10,0,0,,0,0,
00051football,62,20,0,0,,0,0,
00051football,63,1,0,0,,0,0,
00051football,63,2,0,0,,0,0,
00051football,63,5,0,0,,0,0,
00051football,63,10,0,0,,0,0,
00051football,63,20,0,0,,0,0,
00051football,64,1,0,0,,0,0,
00051football,64,2,0,0,,0,0,
00051football,64,5,0,0,,0,0,
00051football,64,10,0,0,,0,0,
00051football,64,20,0,0,,0,0,
00051football,65,1,0,0,,0,0,
00051football,65,2,0,0,,0,0,
00051football,65,5,0,0,,0,0,
00051football,65,10,0,0,,0,0,
00051football,65,20,0,0,,0,0,
00051football,66,1,0,0,,0,0,
00051football,66,2,0,0,,0,0,
00051football,66,5,0,0,,0,0,
00051football,66,10,0,0,,0,0,
00051football,66,20,0,0,,0,0,
00051football,67,1,0,0,,0,0,
00051football,67,2,0,0,,0,0,
00051football,67,5,0,0,,0,0,
00051football,67,10,0,0,,0,0,
00051football,67,20,0,0,,0,0,
00051football,68,1,0,0,,0,0,
00051football,68,2,0,0,,0,0,
00051football,68,5,0,0,,0,0,
00051football,68,10,0,0,,0,0,
00051football,68,20,0,0,,0,0,
00051football,69,1,0,0,,0,0,
00051football,69,2,0,0,,0,0,
00051football,69,5,0,0,,0,0,
00051football,69,10,0,0,,0,0,
00051football,69,20,0,0,,0,0,
00051football,70,1,0,0,,0,0,
00051football,70,2,0,0,,0,0,
00051football,70,5,0,0,,0,0,
00051football,70,10,0,0,,0,0,
00051football,70,20,0,0,,0,0,
00067football,1,1,0,0,,0,2078,0.0
00067football,1,2,0,0,,0,2076,0.0
00067football,1,5,0,0,,0,2070,0.0
00067football,1,10,0,0,,0,2060,0.0
00067football,1,20,0,0,,0,2042,0.0
00067football,2,1,0,0,,0,2082,0.0
00067football,2,2,0,0,,0,2080,0.0
00067football,2,5,0,0,,0,2074,0.0
00067football,2,10,0,0,,0,2064,0.0
00067football,2,20,0,0,,0,2044,0.0
00067football,3,1,0,0,,0,2052,0.0
00067football,3,2,0,0,,0,2050,0.0
00067football,3,5,0,0,,0,2044,0.0
00067football,3,10,0,0,,0,2034,0.0
00067football,3,20,0,0,,0,2017,0.0
00067football,4,1,5,30,0.16666666666666666,29,1994,0.014543630892678034
00067football,4,2,4,29,0.13793103448275862,29,1992,0.014558232931726908
00067football,4,5,2,30,0.06666666666666667,25,1986,0.012588116817724069
00067football,4,10,6,30,0.2,27,1978,0.013650151668351871
00067football,4,20,9,30,0.3,26,1959,0.013272077590607452
00067football,5,1,0,0,,0,2080,0.0
00067football,5,2,0,0,,0,2078,0.0
00067football,5,5,0,0,,0,2072,0.0
00067football,5,10,0,0,,0,2062,0.0
00067football,5,20,0,0,,0,2042,0.0
00067football,6,1,0,1,0.0,1,2080,0.0004807692307692308
00067football,6,2,0,1,0.0,1,2078,0.00048123195380173246
00067football,6,5,0,1,0.0,1,2072,0.00048262548262548264
00067football,6,10,0,1,0.0,1,2062,0.00048496605237633366
00067football,6,20,0,1,0.0,1,2042,0.0004897159647404506
00067football,7,1,0,0,,0,2020,0.0
00067football,7,2,0,0,,0,2018,0.0
00067football,7,5,0,0,,0,2011,0.0
00067football,7,10,0,0,,0,2003,0.0
00067football,7,20,0,0,,0,1983,0.0
00067football,8,1,0,0,,0,0,
00067football,8,2,0,0,,0,0,
00067football,8,5,0,0,,0,0,
00067football,8,10,0,0,,0,0,
00067football,8,20,0,0,,0,0,
00067football,9,1,0,0,,0,0,
00067football,9,2,0,0,,0,0,
00067football,9,5,0,0,,0,0,
00067football,9,10,0,0,,0,0,
00067football,9,20,0,0,,0,0,
00067football,10,1,0,0,,0,0,
00067football,10,2,0,0,,0,0,
00067football,10,5,0,0,,0,0,
00067football,10,10,0,0,,0,0,
00067football,10,20,0,0,,0,0,
00067football,11,1,0,0,,0,0,
00067football,11,2,0,0,,0,0,
00067football,11,5,0,0,,0,0,
00067football,11,10,0,0,,0,0,
00067football,11,20,0,0,,0,0,
00067football,12,1,0,0,,0,0,
00067football,12,2,0,0,,0,0,
00067football,12,5,0,0,,0,0,
00067football,12,10,0,0,,0,0,
00067football,12,20,0,0,,0,0,
00067football,13,1,0,0,,0,0,
00067football,13,2,0,0,,0,0,
00067football,13,5,0,0,,0,0,
00067football,13,10,0,0,,0,0,
00067football,13,20,0,0,,0,0,
00067football,14,1,0,0,,0,0,
00067football,14,2,0,0,,0,0,
00067football,14,5,0,0,,0,0,
00067football,14,10,0,0,,0,0,
00067football,14,20,0,0,,0,0,
00067football,15,1,0,0,,0,0,
00067football,15,2,0,0,,0,0,
00067football,15,5,0,0,,0,0,
00067football,15,10,0,0,,0,0,
00067football,15,20,0,0,,0,0,
00067football,16,1,4,4,1.0,4,4,1.0
00067football,16,2,4,4,1.0,4,4,1.0
00067football,16,5,3,3,1.0,3,3,1.0
00067football,16,10,4,4,1.0,4,4,1.0
00067football,16,20,4,4,1.0,4,4,1.0
00067football,17,1,0,2,0.0,2,45,0.044444444444444446
00067football,17,2,0,2,0.0,2,44,0.045454545454545456
00067football,17,5,0,2,0.0,2,42,0.047619047619047616
00067football,17,10,0,2,0.0,2,36,0.05555555555555555
00067football,17,20,0,2,0.0,2,26,0.07692307692307693
00067football,18,1,0,1,0.0,1,1637,0.0006108735491753207
00067football,18,2,0,1,0.0,1,1636,0.0006112469437652812
00067football,18,5,0,1,0.0,1,1633,0.000612369871402327
00067football,18,10,0,1,0.0,1,1628,0.0006142506142506142
00067football,18,20,0,1,0.0,1,1618,0.0006180469715698393
00067football,19,1,482,484,0.9958677685950413,485,813,0.5965559655596556
00067football,19,2,481,484,0.993801652892562,485,814,0.5958230958230958
00067football,19,5,481,485,0.9917525773195877,484,814,0.5945945945945946
00067football,19,10,485,490,0.9897959183673469,487,818,0.5953545232273839
00067football,19,20,496,502,0.9880478087649402,499,831,0.6004813477737665
00067football,20,1,19,613,0.03099510603588907,611,1495,0.40869565217391307
00067football,20,2,23,615,0.03739837398373984,615,1497,0.41082164328657317
00067football,20,5,24,617,0.03889789303079417,611,1496,0.40842245989304815
00067football,20,10,20,619,0.03231017770597738,597,1488,0.4012096774193548
00067football,20,20,18,614,0.029315960912052116,583,1476,0.39498644986449866
00067football,21,1,0,511,0.0,511,1122,0.4554367201426025
00067football,21,2,0,510,0.0,510,1120,0.45535714285714285
00067football,21,5,0,507,0.0,507,1114,0.45511669658886894
00067football,21,10,0,506,0.0,502,1108,0.45306859205776173
00067football,21,20,0,499,0.0,494,1093,0.45196706312900276
00067football,22,1,350,390,0.8974358974358975,391,1161,0.3367786391042205
00067football,22,2,352,390,0.9025641025641026,393,1160,0.33879310344827585
00067football,22,5,352,392,0.8979591836734694,394,1159,0.3399482312338223
00067football,22,10,356,395,0.9012658227848102,394,1151,0.3423110338835795
00067football,22,20,353,388,0.9097938144329897,395,1140,0.34649122807017546
00067football,23,1,0,22,0.0,24,1664,0.014423076923076924
00067football,23,2,0,23,0.0,25,1665,0.015015015015015015
00067football,23,5,0,22,0.0,27,1663,0.016235718580877932
00067football,23,10,0,14,0.0,25,1645,0.015197568389057751
00067football,23,20,1,20,0.05,23,1634,0.014075887392900856
00067football,24,1,125,126,0.9920634920634921,127,206,0.616504854368932
00067football,24,2,125,126,0.9920634920634921,126,205,0.6146341463414634
00067football,24,5,120,120,1.0,124,202,0.6138613861386139
00067football,24,10,122,122,1.0,128,206,0.6213592233009708
00067football,24,20,119,119,1.0,128,206,0.6213592233009708
00067football,25,1,136,266,0.5112781954887218,269,1614,0.16666666666666666
00067football,25,2,135,264,0.5113636363636364,271,1615,0.16780185758513932
00067football,25,5,134,258,0.5193798449612403,276,1615,0.17089783281733747
00067football,25,10,127,249,0.5100401606425703,276,1610,0.17142857142857143
00067football,25,20,107,230,0.4652173913043478,269,1599,0.16823014383989993
00067football,26,1,685,699,0.9799713876967096,700,1602,0.4369538077403246
00067football,26,2,686,699,0.9814020028612304,701,1601,0.43785134291068084
00067football,26,5,686,696,0.985632183908046,704,1595,0.4413793103448276
00067football,26,10,673,685,0.9824817518248176,704,1582,0.4450063211125158
00067football,26,20,654,668,0.9790419161676647,697,1569,0.44423199490121096
00067football,27,1,0,4,0.0,4,1824,0.0021929824561403508
00067football,27,2,0,4,0.0,4,1820,0.002197802197802198
00067football,27,5,0,4,0.0,4,1811,0.0022087244616234127
00067football,27,10,0,3,0.0,4,1805,0.00221606648199446
00067football,27,20,0,3,0.0,4,1786,0.0022396416573348264
00067football,28,1,227,412,0.5509708737864077,415,1501,0.27648234510326447
00067football,28,2,226,412,0.5485436893203883,413,1499,0.2755170113408939
00067football,28,5,226,409,0.5525672371638142,414,1495,0.27692307692307694
00067football,28,10,218,403,0.5409429280397022,410,1487,0.2757229320780094
00067football,28,20,209,387,0.5400516795865633,406,1467,0.2767552828902522
00067football,29,1,45,272,0.16544117647058823,274,501,0.5469061876247505
00067football,29,2,44,270,0.16296296296296298,274,500,0.548
00067football,29,5,41,264,0.1553030303030303,274,497,0.5513078470824949
00067football,29,10,36,254,0.14173228346456693,274,492,0.556910569105691
00067football,29,20,26,234,0.1111111111111111,274,482,0.5684647302904564
00067football,30,1,2,355,0.005633802816901409,356,709,0.5021156558533145
00067football,30,2,2,355,0.005633802816901409,357,710,0.5028169014084507
00067football,30,5,2,352,0.005681818181818182,362,712,0.5084269662921348
00067football,30,10,2,346,0.005780346820809248,367,711,0.5161744022503516
00067football,30,20,2,337,0.005934718100890208,372,707,0.5261669024045261
00067football,31,1,0,0,,0,272,0.0
00067football,31,2,0,0,,0,272,0.0
00067football,31,5,0,0,,0,273,0.0
00067football,31,10,0,0,,0,272,0.0
00067football,31,20,0,0,,0,269,0.0
00067football,32,1,0,0,,0,0,
00067football,32,2,0,0,,0,0,
00067football,32,5,0,0,,0,0,
00067football,32,10,0,0,,0,0,
00067football,32,20,0,0,,0,0,
00067football,33,1,0,0,,0,0,
00067football,33,2,0,0,,0,0,
00067football,33,5,0,0,,0,0,
00067football,33,10,0,0,,0,0,
00067football,33,20,0,0,,0,0,
00067football,34,1,0,0,,0,0,
00067football,34,2,0,0,,0,0,
00067football,34,5,0,0,,0,0,
00067football,34,10,0,0,,0,0,
00067football,34,20,0,0,,0,0,
00067football,35,1,0,0,,0,0,
00067football,35,2,0,0,,0,0,
00067football,35,5,0,0,,0,0,
00067football,35,10,0,0,,0,0,
00067football,35,20,0,0,,0,0,
00067football,36,1,0,0,,0,0,
00067football,36,2,0,0,,0,0,
00067football,36,5,0,0,,0,0,
00067football,36,10,0,0,,0,0,
00067football,36,20,0,0,,0,0,
00067football,37,1,0,0,,0,0,
00067football,37,2,0,0,,0,0,
00067football,37,5,0,0,,0,0,
00067football,37,10,0,0,,0,0,
00067football,37,20,0,0,,0,0,
00067football,38,1,0,0,,0,0,
00067football,38,2,0,0,,0,0,
00067football,38,5,0,0,,0,0,
00067football,38,10,0,0,,0,0,
00067football,38,20,0,0,,0,0,
00067football,40,1,0,0,,0,0,
00067football,40,2,0,0,,0,0,
00067football,40,5,0,0,,0,0,
00067football,40,10,0,0,,0,0,
00067football,40,20,0,0,,0,0,
00067football,41,1,0,0,,0,0,
00067football,41,2,0,0,,0,0,
00067football,41,5,0,0,,0,0,
00067football,41,10,0,0,,0,0,
00067football,41,20,0,0,,0,0,
00067football,42,1,0,0,,0,0,
00067football,42,2,0,0,,0,0,
00067football,42,5,0,0,,0,0,
00067football,42,10,0,0,,0,0,
00067football,42,20,0,0,,0,0,
00067football,43,1,0,0,,0,0,
00067football,43,2,0,0,,0,0,
00067football,43,5,0,0,,0,0,
00067football,43,10,0,0,,0,0,
00067football,43,20,0,0,,0,0,
00067football,44,1,0,0,,0,0,
00067football,44,2,0,0,,0,0,
00067football,44,5,0,0,,0,0,
00067football,44,10,0,0,,0,0,
00067football,44,20,0,0,,0,0,
00067football,45,1,0,0,,0,0,
00067football,45,2,0,0,,0,0,
00067football,45,5,0,0,,0,0,
00067football,45,10,0,0,,0,0,
00067football,45,20,0,0,,0,0,
00067football,46,1,0,0,,0,0,
00067football,46,2,0,0,,0,0,
00067football,46,5,0,0,,0,0,
00067football,46,10,0,0,,0,0,
00067football,46,20,0,0,,0,0,
00067football,47,1,0,0,,0,0,
00067football,47,2,0,0,,0,0,
00067football,47,5,0,0,,0,0,
00067football,47,10,0,0,,0,0,
00067football,47,20,0,0,,0,0,
00067football,48,1,0,0,,0,0,
00067football,48,2,0,0,,0,0,
00067football,48,5,0,0,,0,0,
00067football,48,10,0,0,,0,0,
00067football,48,20,0,0,,0,0,
00067football,49,1,0,0,,0,0,
00067football,49,2,0,0,,0,0,
00067football,49,5,0,0,,0,0,
00067football,49,10,0,0,,0,0,
00067football,49,20,0,0,,0,0,
00067football,50,1,0,0,,0,0,
00067football,50,2,0,0,,0,0,
00067football,50,5,0,0,,0,0,
00067football,50,10,0,0,,0,0,
00067football,50,20,0,0,,0,0,
00067football,51,1,0,0,,0,0,
00067football,51,2,0,0,,0,0,
00067football,51,5,0,0,,0,0,
00067football,51,10,0,0,,0,0,
00067football,51,20,0,0,,0,0,
00067football,52,1,0,0,,0,0,
00067football,52,2,0,0,,0,0,
00067football,52,5,0,0,,0,0,
00067football,52,10,0,0,,0,0,
00067football,52,20,0,0,,0,0,
00067football,53,1,0,0,,0,0,
00067football,53,2,0,0,,0,0,
00067football,53,5,0,0,,0,0,
00067football,53,10,0,0,,0,0,
00067football,53,20,0,0,,0,0,
00067football,54,1,0,0,,0,0,
00067football,54,2,0,0,,0,0,
00067football,54,5,0,0,,0,0,
00067football,54,10,0,0,,0,0,
00067football,54,20,0,0,,0,0,
00067football,55,1,0,0,,0,0,
00067football,55,2,0,0,,0,0,
00067football,55,5,0,0,,0,0,
00067football,55,10,0,0,,0,0,
00067football,55,20,0,0,,0,0,
00067football,56,1,0,0,,0,0,
00067football,56,2,0,0,,0,0,
00067football,56,5,0,0,,0,0,
00067football,56,10,0,0,,0,0,
00067football,56,20,0,0,,0,0,
00117wood,1,1,0,83,0.0,83,3267,0.025405570860116314
00117wood,1,2,0,83,0.0,83,3265,0.025421133231240428
00117wood,1,5,0,83,0.0,83,3258,0.025475751995089013
00117wood,1,10,0,83,0.0,83,3247,0.025562057283646442
00117wood,1,20,0,83,0.0,83,3221,0.025768394908413535
00117wood,2,1,0,3,0.0,2,5,0.4
00117wood,2,2,0,4,0.0,2,6,0.3333333333333333
00117wood,2,5,0,3,0.0,4,7,0.5714285714285714
00117wood,2,10,0,4,0.0,4,8,0.5
00117wood,2,20,0,4,0.0,3,7,0.42857142857142855
00117wood,3,1,0,6,0.0,6,3386,0.0017720023626698169
00117wood,3,2,0,7,0.0,6,3384,0.0017730496453900709
00117wood,3,5,1,10,0.1,7,3382,0.0020697811945594325
00117wood,3,10,1,10,0.1,8,3372,0.002372479240806643
00117wood,3,20,1,14,0.07142857142857142,14,3357,0.004170390229371462
00117wood,4,1,0,5,0.0,6,3553,0.0016887137630171687
00117wood,4,2,0,6,0.0,6,3550,0.0016901408450704226
00117wood,4,5,0,6,0.0,6,3546,0.001692047377326565
00117wood,4,10,0,6,0.0,6,3540,0.001694915254237288
00117wood,4,20,0,6,0.0,6,3531,0.0016992353440951572
00117wood,5,1,0,0,,0,0,
00117wood,5,2,0,0,,0,0,
00117wood,5,5,0,0,,0,0,
00117wood,5,10,0,0,,0,0,
00117wood,5,20,0,0,,0,0,
00117wood,6,1,0,0,,0,0,
00117wood,6,2,0,0,,0,0,
00117wood,6,5,0,0,,0,0,
00117wood,6,10,0,0,,0,0,
00117wood,6,20,0,0,,0,0,
00117wood,7,1,0,0,,0,0,
00117wood,7,2,0,0,,0,0,
00117wood,7,5,0,0,,0,0,
00117wood,7,10,0,0,,0,0,
00117wood,7,20,0,0,,0,0,
00117wood,8,1,0,0,,0,0,
00117wood,8,2,0,0,,0,0,
00117wood,8,5,0,0,,0,0,
00117wood,8,10,0,0,,0,0,
00117wood,8,20,0,0,,0,0,
00117wood,9,1,0,0,,0,0,
00117wood,9,2,0,0,,0,0,
00117wood,9,5,0,0,,0,0,
00117wood,9,10,0,0,,0,0,
00117wood,9,20,0,0,,0,0,
00117wood,10,1,0,0,,0,0,
00117wood,10,2,0,0,,0,0,
00117wood,10,5,0,0,,0,0,
00117wood,10,10,0,0,,0,0,
00117wood,10,20,0,0,,0,0,
00117wood,11,1,0,0,,0,0,
00117wood,11,2,0,0,,0,0,
00117wood,11,5,0,0,,0,0,
00117wood,11,10,0,0,,0,0,
00117wood,11,20,0,0,,0,0,
00120park,1,1,621,707,0.8783592644978784,709,1918,0.36965589155370177
00120park,1,2,619,704,0.8792613636363636,708,1915,0.3697127937336815
00120park,1,5,617,699,0.882689556509299,709,1910,0.3712041884816754
00120park,1,10,610,687,0.8879184861717613,707,1898,0.3724973656480506
00120park,1,20,602,669,0.8998505231689088,709,1880,0.3771276595744681
00120park,2,1,0,14,0.0,14,785,0.017834394904458598
00120park,2,2,0,13,0.0,14,782,0.017902813299232736
00120park,2,5,0,10,0.0,14,776,0.01804123711340206
00120park,2,10,0,6,0.0,15,770,0.01948051948051948
00120park,2,20,0,4,0.0,9,752,0.011968085106382979
00120park,3,1,0,5,0.0,5,1972,0.002535496957403651
00120park,3,2,0,5,0.0,5,1971,0.0025367833587011668
00120park,3,5,0,5,0.0,5,1965,0.002544529262086514
00120park,3,10,0,5,0.0,5,1956,0.002556237218813906
00120park,3,20,0,5,0.0,5,1936,0.0025826446280991736
00120park,4,1,456,469,0.9722814498933902,472,1372,0.34402332361516036
00120park,4,2,456,471,0.9681528662420382,474,1375,0.3447272727272727
00120park,4,5,456,468,0.9743589743589743,476,1371,0.34719183078045224
00120park,4,10,456,465,0.9806451612903225,480,1367,0.3511338697878566
00120park,4,20,450,453,0.9933774834437086,484,1358,0.35640648011782033
00120park,5,1,0,6,0.0,6,1915,0.003133159268929504
00120park,5,2,0,6,0.0,6,1914,0.003134796238244514
00120park,5,5,0,6,0.0,6,1910,0.0031413612565445027
00120park,5,10,0,6,0.0,6,1901,0.003156233561283535
00120park,5,20,0,6,0.0,6,1882,0.003188097768331562
00120park,7,1,0,235,0.0,233,1323,0.17611489040060468
00120park,7,2,0,236,0.0,232,1322,0.17549167927382753
00120park,7,5,0,239,0.0,229,1319,0.17361637604245642
00120park,7,10,0,244,0.0,224,1314,0.1704718417047184
00120park,7,20,0,254,0.0,214,1304,0.16411042944785276
00120park,11,1,0,0,,0,0,
00120park,11,2,0,0,,0,0,
00120park,11,5,0,0,,0,0,
00120park,11,10,0,0,,0,0,
00120park,11,20,0,0,,0,0,
00120park,12,1,0,0,,0,0,
00120park,12,2,0,0,,0,0,
00120park,12,5,0,0,,0,0,
00120park,12,10,0,0,,0,0,
00120park,12,20,0,0,,0,0,
00121park,1,1,0,31,0.0,30,948,0.03164556962025317
00121park,1,2,0,30,0.0,30,946,0.03171247357293869
00121park,1,5,0,31,0.0,31,943,0.032873806998939555
00121park,1,10,0,33,0.0,34,943,0.036055143160127257
00121park,1,20,0,37,0.0,37,938,0.039445628997867806
00121park,2,1,0,74,0.0,73,786,0.09287531806615776
00121park,2,2,0,74,0.0,74,788,0.09390862944162437
00121park,2,5,0,72,0.0,76,794,0.09571788413098237
00121park,2,10,0,74,0.0,77,792,0.09722222222222222
00121park,2,20,0,79,0.0,78,789,0.09885931558935361
00121park,3,1,0,441,0.0,444,969,0.4582043343653251
00121park,3,2,0,438,0.0,444,966,0.45962732919254656
00121park,3,5,0,434,0.0,444,962,0.46153846153846156
00121park,3,10,0,425,0.0,444,953,0.46589716684155297
00121park,3,20,0,417,0.0,446,946,0.4714587737843552
00121park,4,1,173,246,0.7032520325203252,244,1472,0.16576086956521738
00121park,4,2,172,246,0.6991869918699187,242,1470,0.16462585034013605
00121park,4,5,169,246,0.6869918699186992,236,1464,0.16120218579234974
00121park,4,10,163,245,0.6653061224489796,226,1454,0.15543328748280605
00121park,4,20,151,243,0.6213991769547325,207,1436,0.14415041782729804
00121park,5,1,0,53,0.0,52,263,0.19771863117870722
00121park,5,2,0,53,0.0,51,262,0.1946564885496183
00121park,5,5,0,53,0.0,48,259,0.18532818532818532
00121park,5,10,0,53,0.0,43,254,0.16929133858267717
00121park,5,20,0,53,0.0,33,244,0.13524590163934427
00121park,6,1,0,0,,0,227,0.0
00121park,6,2,0,0,,0,227,0.0
00121park,6,5,0,0,,0,226,0.0
00121park,6,10,0,0,,0,236,0.0
00121park,6,20,0,0,,0,247,0.0
00121park,7,1,0,0,,0,0,
00121park,7,2,0,0,,0,0,
00121park,7,5,0,0,,0,0,
00121park,7,10,0,0,,0,0,
00121park,7,20,0,0,,0,0,
00121park,8,1,0,0,,0,0,
00121park,8,2,0,0,,0,0,
00121park,8,5,0,0,,0,0,
00121park,8,10,0,0,,0,0,
00121park,8,20,0,0,,0,0,
00121park,9,1,0,1,0.0,1,1365,0.0007326007326007326
00121park,9,2,0,1,0.0,1,1364,0.0007331378299120235
00121park,9,5,0,1,0.0,1,1361,0.0007347538574577516
00121park,9,10,0,1,0.0,1,1356,0.0007374631268436578
00121park,9,20,0,1,0.0,1,1346,0.0007429420505200594
00121park,10,1,0,0,,0,0,
00121park,10,2,0,0,,0,0,
00121park,10,5,0,0,,0,0,
00121park,10,10,0,0,,0,0,
00121park,10,20,0,0,,0,0,
00144road,1,1,0,0,,0,87,0.0
00144road,1,2,0,0,,0,86,0.0
00144road,1,5,0,0,,0,83,0.0
00144road,1,10,0,0,,0,80,0.0
00144road,1,20,0,0,,0,83,0.0
00144road,2,1,0,136,0.0,135,1966,0.0686673448626653
00144road,2,2,0,136,0.0,134,1964,0.06822810590631365
00144road,2,5,0,136,0.0,131,1958,0.0669050051072523
00144road,2,10,0,136,0.0,126,1948,0.0646817248459959
00144road,2,20,0,136,0.0,116,1928,0.06016597510373444
00144road,3,1,0,287,0.0,286,2000,0.143
00144road,3,2,0,287,0.0,285,1998,0.14264264264264265
00144road,3,5,0,287,0.0,282,1992,0.14156626506024098
00144road,3,10,0,287,0.0,277,1982,0.13975782038345105
00144road,3,20,0,287,0.0,267,1962,0.13608562691131498
00144road,4,1,0,0,,0,2000,0.0
00144road,4,2,0,0,,0,1998,0.0
00144road,4,5,0,0,,0,1992,0.0
00144road,4,10,0,0,,0,1982,0.0
00144road,4,20,0,0,,0,1962,0.0
00144road,5,1,0,0,,0,1564,0.0
00144road,5,2,0,0,,0,1561,0.0
00144road,5,5,0,0,,0,1559,0.0
00144road,5,10,0,0,,0,1550,0.0
00144road,5,20,0,0,,0,1545,0.0
00144road,6,1,0,0,,0,511,0.0
00144road,6,2,0,0,,0,510,0.0
00144road,6,5,0,0,,0,507,0.0
00144road,6,10,0,0,,0,502,0.0
00144road,6,20,0,0,,0,492,0.0
00144road,7,1,0,208,0.0,207,415,0.4987951807228916
00144road,7,2,0,208,0.0,206,414,0.4975845410628019
00144road,7,5,0,208,0.0,203,411,0.49391727493917276
00144road,7,10,0,208,0.0,198,406,0.4876847290640394
00144road,7,20,0,208,0.0,188,396,0.47474747474747475
00144road,8,1,0,41,0.0,36,246,0.14634146341463414
00144road,8,2,0,42,0.0,37,247,0.14979757085020243
00144road,8,5,0,40,0.0,42,249,0.1686746987951807
00144road,8,10,0,40,0.0,46,249,0.18473895582329317
00144road,8,20,0,39,0.0,42,241,0.17427385892116182
00144road,9,1,120,167,0.718562874251497,165,212,0.7783018867924528
00144road,9,2,120,168,0.7142857142857143,164,212,0.7735849056603774
00144road,9,5,120,171,0.7017543859649122,161,212,0.7594339622641509
00144road,9,10,121,176,0.6875,157,212,0.7405660377358491
00144road,9,20,122,181,0.6740331491712708,148,207,0.714975845410628
00144road,10,1,0,31,0.0,33,132,0.25
00144road,10,2,0,31,0.0,34,133,0.2556390977443609
00144road,10,5,0,32,0.0,35,135,0.25925925925925924
00144road,10,10,0,32,0.0,40,140,0.2857142857142857
00144road,10,20,0,35,0.0,57,160,0.35625
00144road,11,1,44,44,1.0,44,44,1.0
00144road,11,2,43,43,1.0,43,43,1.0
00144road,11,5,42,42,1.0,42,42,1.0
00144road,11,10,43,43,1.0,43,43,1.0
00144road,11,20,46,46,1.0,46,46,1.0
00144road,12,1,22,22,1.0,22,22,1.0
00144road,12,2,22,22,1.0,22,22,1.0
00144road,12,5,22,22,1.0,22,22,1.0
00144road,12,10,22,22,1.0,22,22,1.0
00144road,12,20,15,15,1.0,15,15,1.0
00144road,13,1,0,0,,0,0,
00144road,13,2,0,0,,0,0,
00144road,13,5,0,0,,0,0,
00144road,13,10,0,0,,0,0,
00144road,13,20,0,0,,0,0,
00144road,14,1,0,0,,0,0,
00144road,14,2,0,0,,0,0,
00144road,14,5,0,0,,0,0,
00144road,14,10,0,0,,0,0,
00144road,14,20,0,0,,0,0,
00144road,15,1,0,0,,0,0,
00144road,15,2,0,0,,0,0,
00144road,15,5,0,0,,0,0,
00144road,15,10,0,0,,0,0,
00144road,15,20,0,0,,0,0,
00144road,16,1,0,0,,0,0,
00144road,16,2,0,0,,0,0,
00144road,16,5,0,0,,0,0,
00144road,16,10,0,0,,0,0,
00144road,16,20,0,0,,0,0,
00144road,17,1,0,0,,0,0,
00144road,17,2,0,0,,0,0,
00144road,17,5,0,0,,0,0,
00144road,17,10,0,0,,0,0,
00144road,17,20,0,0,,0,0,
00144road,18,1,0,37,0.0,35,72,0.4861111111111111
00144road,18,2,0,38,0.0,35,73,0.4794520547945205
00144road,18,5,0,39,0.0,38,77,0.4935064935064935
00144road,18,10,0,48,0.0,45,93,0.4838709677419355
00144road,18,20,0,33,0.0,47,80,0.5875
00146bridge,1,1,14,870,0.016091954022988506,869,1890,0.4597883597883598
00146bridge,1,2,14,870,0.016091954022988506,869,1889,0.46003176283748015
00146bridge,1,5,14,870,0.016091954022988506,869,1886,0.46076352067868503
00146bridge,1,10,14,870,0.016091954022988506,866,1878,0.46112886048988283
00146bridge,1,20,14,870,0.016091954022988506,861,1863,0.46215780998389694
00146bridge,2,1,0,26,0.0,27,1808,0.014933628318584071
00146bridge,2,2,0,26,0.0,28,1807,0.01549529607083564
00146bridge,2,5,0,27,0.0,29,1803,0.01608430393788131
00146bridge,2,10,0,27,0.0,25,1790,0.013966480446927373
00146bridge,2,20,0,27,0.0,23,1771,0.012987012987012988
00146bridge,3,1,0,0,,0,0,
00146bridge,3,2,0,0,,0,0,
00146bridge,3,5,0,0,,0,0,
00146bridge,3,10,0,0,,0,0,
00146bridge,3,20,0,0,,0,0,
00146bridge,4,1,0,0,,0,0,
00146bridge,4,2,0,0,,0,0,
00146bridge,4,5,0,0,,0,0,
00146bridge,4,10,0,0,,0,0,
00146bridge,4,20,0,0,,0,0,
00146bridge,5,1,0,0,,0,0,
00146bridge,5,2,0,0,,0,0,
00146bridge,5,5,0,0,,0,0,
00146bridge,5,10,0,0,,0,0,
00146bridge,5,20,0,0,,0,0,
00146bridge,6,1,0,0,,0,0,
00146bridge,6,2,0,0,,0,0,
00146bridge,6,5,0,0,,0,0,
00146bridge,6,10,0,0,,0,0,
00146bridge,6,20,0,0,,0,0,
00146bridge,7,1,0,0,,0,0,
00146bridge,7,2,0,0,,0,0,
00146bridge,7,5,0,0,,0,0,
00146bridge,7,10,0,0,,0,0,
00146bridge,7,20,0,0,,0,0,
00146bridge,8,1,0,0,,0,0,
00146bridge,8,2,0,0,,0,0,
00146bridge,8,5,0,0,,0,0,
00146bridge,8,10,0,0,,0,0,
00146bridge,8,20,0,0,,0,0,
00146bridge,9,1,0,0,,0,0,
00146bridge,9,2,0,0,,0,0,
00146bridge,9,5,0,0,,0,0,
00146bridge,9,10,0,0,,0,0,
00146bridge,9,20,0,0,,0,0,
00146bridge,10,1,0,0,,0,0,
00146bridge,10,2,0,0,,0,0,
00146bridge,10,5,0,0,,0,0,
00146bridge,10,10,0,0,,0,0,
00146bridge,10,20,0,0,,0,0,
00146bridge,11,1,0,0,,0,0,
00146bridge,11,2,0,0,,0,0,
00146bridge,11,5,0,0,,0,0,
00146bridge,11,10,0,0,,0,0,
00146bridge,11,20,0,0,,0,0,
00146bridge,12,1,0,0,,0,0,
00146bridge,12,2,0,0,,0,0,
00146bridge,12,5,0,0,,0,0,
00146bridge,12,10,0,0,,0,0,
00146bridge,12,20,0,0,,0,0,
00146bridge,13,1,0,0,,0,0,
00146bridge,13,2,0,0,,0,0,
00146bridge,13,5,0,0,,0,0,
00146bridge,13,10,0,0,,0,0,
00146bridge,13,20,0,0,,0,0,
00146bridge,14,1,0,0,,0,0,
00146bridge,14,2,0,0,,0,0,
00146bridge,14,5,0,0,,0,0,
00146bridge,14,10,0,0,,0,0,
00146bridge,14,20,0,0,,0,0,
00146bridge,15,1,0,0,,0,0,
00146bridge,15,2,0,0,,0,0,
00146bridge,15,5,0,0,,0,0,
00146bridge,15,10,0,0,,0,0,
00146bridge,15,20,0,0,,0,0,
00146bridge,16,1,0,0,,0,0,
00146bridge,16,2,0,0,,0,0,
00146bridge,16,5,0,0,,0,0,
00146bridge,16,10,0,0,,0,0,
00146bridge,16,20,0,0,,0,0,
00146bridge,17,1,0,0,,0,0,
00146bridge,17,2,0,0,,0,0,
00146bridge,17,5,0,0,,0,0,
00146bridge,17,10,0,0,,0,0,
00146bridge,17,20,0,0,,0,0,
00146bridge,18,1,0,0,,0,0,
00146bridge,18,2,0,0,,0,0,
00146bridge,18,5,0,0,,0,0,
00146bridge,18,10,0,0,,0,0,
00146bridge,18,20,0,0,,0,0,
00146bridge,19,1,0,0,,0,0,
00146bridge,19,2,0,0,,0,0,
00146bridge,19,5,0,0,,0,0,
00146bridge,19,10,0,0,,0,0,
00146bridge,19,20,0,0,,0,0,
00146bridge,20,1,0,0,,0,0,
00146bridge,20,2,0,0,,0,0,
00146bridge,20,5,0,0,,0,0,
00146bridge,20,10,0,0,,0,0,
00146bridge,20,20,0,0,,0,0,
00146bridge,21,1,0,0,,0,0,
00146bridge,21,2,0,0,,0,0,
00146bridge,21,5,0,0,,0,0,
00146bridge,21,10,0,0,,0,0,
00146bridge,21,20,0,0,,0,0,
00156basketball,1,1,0,12,0.0,12,1829,0.0065609622744669215
00156basketball,1,2,0,12,0.0,12,1825,0.006575342465753425
00156basketball,1,5,0,13,0.0,13,1819,0.007146783947223749
00156basketball,1,10,0,13,0.0,13,1805,0.007202216066481994
00156basketball,1,20,0,12,0.0,10,1786,0.005599104143337066
00156basketball,2,1,10,59,0.1694915254237288,60,1706,0.035169988276670575
00156basketball,2,2,7,57,0.12280701754385964,60,1700,0.03529411764705882
00156basketball,2,5,5,54,0.09259259259259259,59,1696,0.0347877358490566
00156basketball,2,10,5,53,0.09433962264150944,61,1684,0.03622327790973872
00156basketball,2,20,3,60,0.05,64,1664,0.038461538461538464
00156basketball,3,1,0,27,0.0,24,1817,0.013208585580627407
00156basketball,3,2,0,27,0.0,26,1813,0.014340871483728626
00156basketball,3,5,0,25,0.0,26,1804,0.014412416851441241
00156basketball,3,10,0,26,0.0,26,1793,0.014500836586726157
00156basketball,3,20,0,27,0.0,26,1772,0.014672686230248307
00156basketball,4,1,0,18,0.0,18,1727,0.010422698320787493
00156basketball,4,2,0,20,0.0,19,1728,0.01099537037037037
00156basketball,4,5,0,19,0.0,17,1718,0.00989522700814901
00156basketball,4,10,2,20,0.1,21,1705,0.012316715542521995
00156basketball,4,20,0,20,0.0,21,1672,0.012559808612440191
00156basketball,5,1,0,12,0.0,12,1907,0.006292606187729418
00156basketball,5,2,0,11,0.0,12,1907,0.006292606187729418
00156basketball,5,5,0,10,0.0,11,1904,0.005777310924369748
00156basketball,5,10,0,10,0.0,9,1889,0.004764425622022234
00156basketball,5,20,0,11,0.0,12,1866,0.006430868167202572
00156basketball,6,1,1,17,0.058823529411764705,16,1521,0.01051939513477975
00156basketball,6,2,0,15,0.0,16,1522,0.010512483574244415
00156basketball,6,5,0,17,0.0,18,1510,0.011920529801324504
00156basketball,6,10,0,19,0.0,20,1498,0.01335113484646195
00156basketball,6,20,0,20,0.0,22,1474,0.014925373134328358
00156basketball,7,1,0,17,0.0,17,1838,0.009249183895538629
00156basketball,7,2,0,17,0.0,17,1837,0.009254218835057159
00156basketball,7,5,2,17,0.11764705882352941,19,1830,0.010382513661202186
00156basketball,7,10,3,20,0.15,18,1814,0.009922822491730982
00156basketball,7,20,0,16,0.0,15,1787,0.008393956351426972
00156basketball,8,1,0,6,0.0,6,1734,0.0034602076124567475
00156basketball,8,2,0,6,0.0,6,1732,0.003464203233256351
00156basketball,8,5,0,6,0.0,5,1727,0.0028951939779965257
00156basketball,8,10,0,5,0.0,6,1717,0.0034944670937682005
00156basketball,8,20,0,6,0.0,6,1703,0.0035231943628890195
00156basketball,9,1,0,0,,0,2010,0.0
00156basketball,9,2,0,0,,0,2008,0.0
00156basketball,9,5,0,0,,0,2002,0.0
00156basketball,9,10,0,0,,0,1992,0.0
00156basketball,9,20,0,0,,0,1972,0.0
00156basketball,10,1,54,54,1.0,54,54,1.0
00156basketball,10,2,54,54,1.0,54,54,1.0
00156basketball,10,5,54,54,1.0,54,54,1.0
00156basketball,10,10,54,54,1.0,54,54,1.0
00156basketball,10,20,54,54,1.0,54,54,1.0
00156basketball,11,1,0,0,,0,130,0.0
00156basketball,11,2,0,0,,0,130,0.0
00156basketball,11,5,0,0,,0,130,0.0
00156basketball,11,10,0,0,,0,130,0.0
00156basketball,11,20,0,0,,0,130,0.0
00156basketball,12,1,0,0,,0,0,
00156basketball,12,2,0,0,,0,0,
00156basketball,12,5,0,0,,0,0,
00156basketball,12,10,0,0,,0,0,
00156basketball,12,20,0,0,,0,0,
00161basketball,1,1,595,663,0.8974358974358975,664,1737,0.3822682786413356
00161basketball,1,2,599,663,0.9034690799396682,669,1737,0.385146804835924
00161basketball,1,5,600,665,0.9022556390977443,670,1727,0.38795599305153444
00161basketball,1,10,597,664,0.8990963855421686,682,1715,0.397667638483965
00161basketball,1,20,574,636,0.9025157232704403,667,1685,0.39584569732937686
00161basketball,2,1,869,885,0.9819209039548022,883,1827,0.48330596606458676
00161basketball,2,2,871,884,0.9852941176470589,882,1825,0.4832876712328767
00161basketball,2,5,870,880,0.9886363636363636,879,1819,0.4832325453545904
00161basketball,2,10,861,874,0.9851258581235698,868,1806,0.4806201550387597
00161basketball,2,20,855,872,0.9805045871559633,859,1787,0.48069390039171794
00161basketball,3,1,0,14,0.0,14,1988,0.007042253521126761
00161basketball,3,2,0,14,0.0,14,1986,0.007049345417925478
00161basketball,3,5,0,14,0.0,14,1983,0.0070600100857286935
00161basketball,3,10,0,13,0.0,14,1970,0.007106598984771574
00161basketball,3,20,0,13,0.0,14,1942,0.007209062821833162
00161basketball,4,1,826,897,0.9208472686733556,890,1760,0.5056818181818182
00161basketball,4,2,826,899,0.9187986651835373,896,1764,0.5079365079365079
00161basketball,4,5,816,902,0.9046563192904656,887,1760,0.5039772727272728
00161basketball,4,10,801,890,0.9,877,1745,0.5025787965616045
00161basketball,4,20,780,885,0.8813559322033898,860,1719,0.5002908667830134
00161basketball,5,1,282,363,0.7768595041322314,363,1812,0.20033112582781457
00161basketball,5,2,283,359,0.7883008356545961,362,1809,0.20011055831951355
00161basketball,5,5,277,354,0.7824858757062146,356,1802,0.19755826859045506
00161basketball,5,10,273,347,0.7867435158501441,353,1797,0.19643850862548692
00161basketball,5,20,251,322,0.7795031055900621,340,1770,0.192090395480226
00161basketball,6,1,1,23,0.043478260869565216,23,1929,0.011923276308968377
00161basketball,6,2,1,22,0.045454545454545456,23,1927,0.011935651271406332
00161basketball,6,5,0,22,0.0,21,1926,0.010903426791277258
00161basketball,6,10,0,21,0.0,21,1922,0.010926118626430802
00161basketball,6,20,0,23,0.0,22,1912,0.011506276150627616
00161basketball,7,1,295,404,0.7301980198019802,403,1569,0.2568514977692798
00161basketball,7,2,294,403,0.7295285359801489,404,1570,0.2573248407643312
00161basketball,7,5,274,385,0.7116883116883117,384,1549,0.24790187217559717
00161basketball,7,10,269,380,0.7078947368421052,377,1528,0.24672774869109948
00161basketball,7,20,244,366,0.6666666666666666,348,1481,0.2349763673193788
00161basketball,8,1,659,689,0.9564586357039188,690,1412,0.4886685552407932
00161basketball,8,2,658,686,0.9591836734693877,690,1412,0.4886685552407932
00161basketball,8,5,658,681,0.9662261380323054,682,1401,0.48679514632405424
00161basketball,8,10,643,673,0.9554234769687965,674,1388,0.48559077809798273
00161basketball,8,20,630,659,0.9559939301972686,649,1360,0.4772058823529412
00161basketball,9,1,0,0,,0,2102,0.0
00161basketball,9,2,0,0,,0,2100,0.0
00161basketball,9,5,0,0,,0,2094,0.0
00161basketball,9,10,0,0,,0,2084,0.0
00161basketball,9,20,0,0,,0,2064,0.0
00161basketball,10,1,0,0,,0,2098,0.0
00161basketball,10,2,0,0,,0,2096,0.0
00161basketball,10,5,0,0,,0,2090,0.0
00161basketball,10,10,0,0,,0,2080,0.0
00161basketball,10,20,0,0,,0,2060,0.0
00161basketball,11,1,1,15,0.06666666666666667,15,1791,0.008375209380234505
00161basketball,11,2,2,15,0.13333333333333333,15,1789,0.008384572386808273
00161basketball,11,5,3,15,0.2,15,1783,0.008412787436904094
00161basketball,11,10,0,12,0.0,15,1773,0.008460236886632826
00161basketball,11,20,0,12,0.0,15,1753,0.008556759840273816
00161basketball,12,1,0,0,,0,1983,0.0
00161basketball,12,2,0,0,,0,1982,0.0
00161basketball,12,5,0,0,,0,1980,0.0
00161basketball,12,10,0,0,,0,1968,0.0
00161basketball,12,20,0,0,,0,1959,0.0
00161basketball,13,1,0,13,0.0,13,245,0.053061224489795916
00161basketball,13,2,0,13,0.0,12,244,0.04918032786885246
00161basketball,13,5,0,13,0.0,12,245,0.04897959183673469
00161basketball,13,10,1,13,0.07692307692307693,13,237,0.05485232067510549
00161basketball,13,20,0,13,0.0,13,229,0.056768558951965066
00161basketball,14,1,346,379,0.9129287598944591,379,1826,0.20755750273822562
00161basketball,14,2,345,377,0.9151193633952255,379,1824,0.20778508771929824
00161basketball,14,5,345,379,0.9102902374670184,375,1820,0.20604395604395603
00161basketball,14,10,343,383,0.8955613577023499,373,1822,0.20472008781558726
00161basketball,14,20,329,391,0.8414322250639387,354,1800,0.19666666666666666
00161basketball,15,1,708,722,0.9806094182825484,721,1482,0.4865047233468286
00161basketball,15,2,708,722,0.9806094182825484,722,1483,0.4868509777478085
00161basketball,15,5,709,719,0.9860917941585535,723,1481,0.48818365968939903
00161basketball,15,10,706,719,0.9819193324061196,724,1474,0.49118046132971505
00161basketball,15,20,697,706,0.9872521246458924,716,1449,0.4941338854382333
00161basketball,16,1,217,241,0.9004149377593361,242,1750,0.1382857142857143
00161basketball,16,2,215,238,0.9033613445378151,241,1751,0.13763563677898344
00161basketball,16,5,209,233,0.8969957081545065,233,1739,0.1339850488786659
00161basketball,16,10,195,221,0.8823529411764706,219,1708,0.12822014051522249
00161basketball,16,20,169,196,0.8622448979591837,204,1668,0.1223021582733813
00161basketball,17,1,24,73,0.3287671232876712,73,1898,0.038461538461538464
00161basketball,17,2,24,74,0.32432432432432434,74,1894,0.03907074973600845
00161basketball,17,5,24,75,0.32,73,1877,0.038891848694725624
00161basketball,17,10,19,78,0.24358974358974358,72,1857,0.03877221324717286
00161basketball,17,20,12,78,0.15384615384615385,69,1845,0.03739837398373984
00161basketball,18,1,226,243,0.9300411522633745,241,1620,0.14876543209876544
00161basketball,18,2,224,242,0.9256198347107438,238,1617,0.1471861471861472
00161basketball,18,5,229,246,0.9308943089430894,240,1624,0.1477832512315271
00161basketball,18,10,230,246,0.9349593495934959,239,1623,0.1472581638940234
00161basketball,18,20,213,233,0.9141630901287554,221,1569,0.1408540471637986
00161basketball,19,1,0,0,,0,2092,0.0
00161basketball,19,2,0,0,,0,2090,0.0
00161basketball,19,5,0,0,,0,2084,0.0
00161basketball,19,10,0,0,,0,2074,0.0
00161basketball,19,20,0,0,,0,2054,0.0
00161basketball,20,1,511,541,0.944547134935305,541,869,0.622554660529344
00161basketball,20,2,505,534,0.9456928838951311,536,863,0.6210892236384704
00161basketball,20,5,490,519,0.9441233140655106,519,845,0.6142011834319526
00161basketball,20,10,485,519,0.9344894026974951,511,842,0.6068883610451307
00161basketball,20,20,463,496,0.9334677419354839,483,812,0.5948275862068966
00161basketball,21,1,139,260,0.5346153846153846,258,1550,0.1664516129032258
00161basketball,21,2,136,258,0.5271317829457365,254,1546,0.16429495472186287
00161basketball,21,5,131,246,0.532520325203252,252,1534,0.16427640156453716
00161basketball,21,10,119,235,0.5063829787234042,235,1521,0.15450361604207757
00161basketball,21,20,102,212,0.4811320754716981,214,1489,0.14372061786433848
00161basketball,22,1,44,65,0.676923076923077,63,586,0.1075085324232082
00161basketball,22,2,43,63,0.6825396825396826,60,583,0.10291595197255575
00161basketball,22,5,42,67,0.6268656716417911,57,585,0.09743589743589744
00161basketball,22,10,40,64,0.625,54,583,0.09262435677530018
00161basketball,22,20,25,52,0.4807692307692308,38,565,0.06725663716814159
00161basketball,23,1,181,222,0.8153153153153153,220,1665,0.13213213213213212
00161basketball,23,2,181,223,0.8116591928251121,217,1668,0.13009592326139088
00161basketball,23,5,175,221,0.7918552036199095,205,1656,0.12379227053140096
00161basketball,23,10,165,219,0.7534246575342466,195,1644,0.11861313868613138
00161basketball,23,20,154,211,0.7298578199052133,182,1630,0.1116564417177914
00161basketball,24,1,161,219,0.7351598173515982,215,699,0.30758226037195996
00161basketball,24,2,159,216,0.7361111111111112,216,698,0.30945558739255014
00161basketball,24,5,155,218,0.7110091743119266,213,696,0.30603448275862066
00161basketball,24,10,135,206,0.6553398058252428,194,677,0.2865583456425406
00161basketball,24,20,120,189,0.6349206349206349,168,642,0.2616822429906542
00161basketball,25,1,522,545,0.9577981651376147,544,1394,0.3902439024390244
00161basketball,25,2,517,539,0.9591836734693877,540,1386,0.38961038961038963
00161basketball,25,5,503,525,0.9580952380952381,524,1361,0.38501102130786186
00161basketball,25,10,475,501,0.9481037924151696,491,1318,0.37253414264036416
00161basketball,25,20,463,510,0.907843137254902,470,1288,0.36490683229813664
00161basketball,26,1,733,776,0.9445876288659794,774,1281,0.6042154566744731
00161basketball,26,2,729,770,0.9467532467532468,769,1274,0.6036106750392465
00161basketball,26,5,725,765,0.9477124183006536,766,1267,0.6045777426992897
00161basketball,26,10,723,755,0.9576158940397351,756,1258,0.6009538950715422
00161basketball,26,20,707,730,0.9684931506849315,737,1209,0.6095947063688999
00161basketball,27,1,197,242,0.8140495867768595,243,1015,0.23940886699507388
00161basketball,27,2,196,239,0.8200836820083682,241,1012,0.2381422924901186
00161basketball,27,5,194,232,0.8362068965517241,235,1004,0.2340637450199203
00161basketball,27,10,185,226,0.8185840707964602,229,992,0.23084677419354838
00161basketball,27,20,159,196,0.8112244897959183,206,946,0.21775898520084566
00161basketball,28,1,120,134,0.8955223880597015,134,553,0.2423146473779385
00161basketball,28,2,118,133,0.8872180451127819,133,553,0.24050632911392406
00161basketball,28,5,104,124,0.8387096774193549,121,546,0.2216117216117216
00161basketball,28,10,100,121,0.8264462809917356,131,551,0.23774954627949182
00161basketball,28,20,93,115,0.808695652173913,124,549,0.22586520947176686
00161basketball,29,1,0,4,0.0,4,1848,0.0021645021645021645
00161basketball,29,2,0,4,0.0,4,1847,0.002165674066053059
00161basketball,29,5,0,4,0.0,4,1844,0.0021691973969631237
00161basketball,29,10,0,4,0.0,4,1839,0.002175095160413268
00161basketball,29,20,0,4,0.0,4,1825,0.002191780821917808
00161basketball,30,1,0,217,0.0,217,1658,0.13088057901085645
00161basketball,30,2,0,216,0.0,214,1658,0.12907117008443908
00161basketball,30,5,0,212,0.0,214,1652,0.12953995157384987
00161basketball,30,10,0,206,0.0,215,1639,0.13117754728492984
00161basketball,30,20,0,202,0.0,217,1620,0.1339506172839506
00161basketball,31,1,330,347,0.9510086455331412,345,461,0.7483731019522777
00161basketball,31,2,325,341,0.9530791788856305,341,455,0.7494505494505495
00161basketball,31,5,317,334,0.9491017964071856,333,444,0.75
00161basketball,31,10,317,340,0.9323529411764706,329,444,0.740990990990991
00161basketball,31,20,306,321,0.9532710280373832,313,423,0.7399527186761229
00161basketball,32,1,0,7,0.0,8,1579,0.00506649778340722
00161basketball,32,2,0,7,0.0,8,1574,0.005082592121982211
00161basketball,32,5,0,6,0.0,8,1570,0.005095541401273885
00161basketball,32,10,0,7,0.0,8,1566,0.005108556832694764
00161basketball,32,20,0,7,0.0,8,1536,0.005208333333333333
00161basketball,33,1,859,892,0.9630044843049327,887,1886,0.47030752916224816
00161basketball,33,2,858,891,0.9629629629629629,885,1885,0.46949602122015915
00161basketball,33,5,856,889,0.9628796400449944,880,1879,0.46833422032996275
00161basketball,33,10,834,873,0.9553264604810997,858,1864,0.46030042918454933
00161basketball,33,20,805,837,0.961768219832736,827,1819,0.45464540956569544
00161basketball,34,1,381,382,0.9973821989528796,382,1007,0.37934458788480635
00161basketball,34,2,379,380,0.9973684210526316,380,1005,0.3781094527363184
00161basketball,34,5,378,378,1.0,379,1003,0.3778664007976072
00161basketball,34,10,372,373,0.9973190348525469,375,999,0.37537537537537535
00161basketball,34,20,359,359,1.0,363,986,0.36815415821501013
00161basketball,35,1,0,4,0.0,4,963,0.004153686396677051
00161basketball,35,2,0,4,0.0,4,962,0.004158004158004158
00161basketball,35,5,0,4,0.0,4,959,0.004171011470281543
00161basketball,35,10,1,5,0.2,4,954,0.0041928721174004195
00161basketball,35,20,0,11,0.0,4,944,0.00423728813559322
00161basketball,36,1,0,69,0.0,67,136,0.49264705882352944
00161basketball,36,2,0,69,0.0,66,135,0.4888888888888889
00161basketball,36,5,0,69,0.0,63,132,0.4772727272727273
00161basketball,36,10,0,69,0.0,58,127,0.4566929133858268
00161basketball,36,20,0,69,0.0,48,117,0.41025641025641024
00161basketball,37,1,172,207,0.8309178743961353,209,798,0.2619047619047619
00161basketball,37,2,172,206,0.8349514563106796,210,798,0.2631578947368421
00161basketball,37,5,173,206,0.8398058252427184,214,801,0.2671660424469413
00161basketball,37,10,170,203,0.8374384236453202,216,806,0.2679900744416873
00161basketball,37,20,163,187,0.8716577540106952,218,800,0.2725
00161basketball,38,1,0,6,0.0,5,1874,0.0026680896478121665
00161basketball,38,2,0,6,0.0,5,1873,0.0026695141484249867
00161basketball,38,5,0,6,0.0,5,1869,0.002675227394328518
00161basketball,38,10,0,5,0.0,5,1863,0.0026838432635534087
00161basketball,38,20,0,6,0.0,5,1854,0.002696871628910464
00161basketball,39,1,0,91,0.0,91,2044,0.04452054794520548
00161basketball,39,2,0,91,0.0,92,2042,0.04505386875612145
00161basketball,39,5,0,91,0.0,90,2036,0.04420432220039293
00161basketball,39,10,0,91,0.0,85,2027,0.04193389245189936
00161basketball,39,20,1,91,0.01098901098901099,76,2006,0.03788634097706879
00161basketball,40,1,98,124,0.7903225806451613,124,378,0.328042328042328
00161basketball,40,2,95,123,0.7723577235772358,123,378,0.3253968253968254
00161basketball,40,5,96,116,0.8275862068965517,122,368,0.33152173913043476
00161basketball,40,10,94,123,0.7642276422764228,113,360,0.3138888888888889
00161basketball,40,20,76,110,0.6909090909090909,94,326,0.2883435582822086
00161basketball,41,1,1,50,0.02,58,523,0.11089866156787763
00161basketball,41,2,2,52,0.038461538461538464,59,518,0.1138996138996139
00161basketball,41,5,3,51,0.058823529411764705,58,507,0.11439842209072978
00161basketball,41,10,4,47,0.0851063829787234,70,484,0.1446280991735537
00161basketball,41,20,3,47,0.06382978723404255,80,479,0.16701461377870563
00161basketball,42,1,0,0,,0,0,
00161basketball,42,2,0,0,,0,0,
00161basketball,42,5,0,0,,0,0,
00161basketball,42,10,0,0,,0,0,
00161basketball,42,20,0,0,,0,0,
00161basketball,43,1,0,0,,0,0,
00161basketball,43,2,0,0,,0,0,
00161basketball,43,5,0,0,,0,0,
00161basketball,43,10,0,0,,0,0,
00161basketball,43,20,0,0,,0,0,
00161basketball,44,1,0,0,,0,0,
00161basketball,44,2,0,0,,0,0,
00161basketball,44,5,0,0,,0,0,
00161basketball,44,10,0,0,,0,0,
00161basketball,44,20,0,0,,0,0,
00161basketball,45,1,0,0,,0,0,
00161basketball,45,2,0,0,,0,0,
00161basketball,45,5,0,0,,0,0,
00161basketball,45,10,0,0,,0,0,
00161basketball,45,20,0,0,,0,0,
00161basketball,46,1,0,0,,0,0,
00161basketball,46,2,0,0,,0,0,
00161basketball,46,5,0,0,,0,0,
00161basketball,46,10,0,0,,0,0,
00161basketball,46,20,0,0,,0,0,
00161basketball,47,1,0,0,,0,0,
00161basketball,47,2,0,0,,0,0,
00161basketball,47,5,0,0,,0,0,
00161basketball,47,10,0,0,,0,0,
00161basketball,47,20,0,0,,0,0,
00161basketball,48,1,0,0,,0,0,
00161basketball,48,2,0,0,,0,0,
00161basketball,48,5,0,0,,0,0,
00161basketball,48,10,0,0,,0,0,
00161basketball,48,20,0,0,,0,0,
00161basketball,49,1,0,0,,0,0,
00161basketball,49,2,0,0,,0,0,
00161basketball,49,5,0,0,,0,0,
00161basketball,49,10,0,0,,0,0,
00161basketball,49,20,0,0,,0,0,
00161basketball,50,1,0,0,,0,0,
00161basketball,50,2,0,0,,0,0,
00161basketball,50,5,0,0,,0,0,
00161basketball,50,10,0,0,,0,0,
00161basketball,50,20,0,0,,0,0,
00161basketball,51,1,0,0,,0,0,
00161basketball,51,2,0,0,,0,0,
00161basketball,51,5,0,0,,0,0,
00161basketball,51,10,0,0,,0,0,
00161basketball,51,20,0,0,,0,0,
00161basketball,52,1,0,0,,0,0,
00161basketball,52,2,0,0,,0,0,
00161basketball,52,5,0,0,,0,0,
00161basketball,52,10,0,0,,0,0,
00161basketball,52,20,0,0,,0,0,
00161basketball,53,1,0,0,,0,0,
00161basketball,53,2,0,0,,0,0,
00161basketball,53,5,0,0,,0,0,
00161basketball,53,10,0,0,,0,0,
00161basketball,53,20,0,0,,0,0,
00161basketball,54,1,0,0,,0,0,
00161basketball,54,2,0,0,,0,0,
00161basketball,54,5,0,0,,0,0,
00161basketball,54,10,0,0,,0,0,
00161basketball,54,20,0,0,,0,0,
00183canteen,1,1,8,95,0.08421052631578947,97,721,0.13453536754507628
00183canteen,1,2,8,94,0.0851063829787234,98,723,0.1355463347164592
00183canteen,1,5,8,91,0.08791208791208792,100,721,0.13869625520110956
00183canteen,1,10,8,86,0.09302325581395349,100,713,0.1402524544179523
00183canteen,1,20,8,78,0.10256410256410256,104,702,0.14814814814814814
00183canteen,2,1,297,557,0.533213644524237,557,1769,0.3148671565856416
00183canteen,2,2,298,559,0.5330948121645797,555,1768,0.31391402714932126
00183canteen,2,5,298,562,0.5302491103202847,555,1767,0.3140916808149406
00183canteen,2,10,297,563,0.5275310834813499,554,1767,0.3135257498585173
00183canteen,2,20,293,561,0.5222816399286988,536,1734,0.3091118800461361
00183canteen,3,1,0,341,0.0,340,1213,0.2802967848309975
00183canteen,3,2,0,341,0.0,339,1212,0.27970297029702973
00183canteen,3,5,0,344,0.0,337,1212,0.27805280528052806
00183canteen,3,10,0,345,0.0,327,1202,0.2720465890183028
00183canteen,3,20,0,339,0.0,312,1182,0.2639593908629442
00183canteen,4,1,0,74,0.0,73,147,0.4965986394557823
00183canteen,4,2,0,74,0.0,72,146,0.4931506849315068
00183canteen,4,5,0,74,0.0,69,143,0.4825174825174825
00183canteen,4,10,0,74,0.0,64,138,0.463768115942029
00183canteen,4,20,0,74,0.0,54,128,0.421875
00183canteen,5,1,0,2,0.0,2,525,0.0038095238095238095
00183canteen,5,2,0,2,0.0,2,524,0.003816793893129771
00183canteen,5,5,0,2,0.0,2,521,0.003838771593090211
00183canteen,5,10,0,2,0.0,2,516,0.003875968992248062
00183canteen,5,20,0,2,0.0,2,506,0.003952569169960474
00183canteen,6,1,0,279,0.0,278,557,0.4991023339317774
00183canteen,6,2,0,279,0.0,277,556,0.4982014388489209
00183canteen,6,5,0,279,0.0,274,553,0.49547920433996384
00183canteen,6,10,0,279,0.0,269,548,0.4908759124087591
00183canteen,6,20,0,279,0.0,259,538,0.48141263940520446
00183canteen,7,1,0,6,0.0,6,531,0.011299435028248588
00183canteen,7,2,0,6,0.0,6,531,0.011299435028248588
00183canteen,7,5,0,6,0.0,6,527,0.011385199240986717
00183canteen,7,10,0,6,0.0,6,523,0.011472275334608031
00183canteen,7,20,0,6,0.0,6,513,0.011695906432748537
00183canteen,8,1,0,0,,0,343,0.0
00183canteen,8,2,0,0,,0,342,0.0
00183canteen,8,5,0,0,,0,339,0.0
00183canteen,8,10,0,0,,0,334,0.0
00183canteen,8,20,0,0,,0,324,0.0
00183canteen,9,1,0,5,0.0,5,319,0.01567398119122257
00183canteen,9,2,0,5,0.0,5,318,0.015723270440251572
00183canteen,9,5,0,5,0.0,5,315,0.015873015873015872
00183canteen,9,10,0,5,0.0,5,310,0.016129032258064516
00183canteen,9,20,0,5,0.0,5,300,0.016666666666666666
00183canteen,10,1,0,0,,0,303,0.0
00183canteen,10,2,0,0,,0,302,0.0
00183canteen,10,5,0,0,,0,299,0.0
00183canteen,10,10,0,0,,0,294,0.0
00183canteen,10,20,0,0,,0,284,0.0
00183canteen,11,1,0,0,,0,0,
00183canteen,11,2,0,0,,0,0,
00183canteen,11,5,0,0,,0,0,
00183canteen,11,10,0,0,,0,0,
00183canteen,11,20,0,0,,0,0,
00183canteen,12,1,0,0,,0,0,
00183canteen,12,2,0,0,,0,0,
00183canteen,12,5,0,0,,0,0,
00183canteen,12,10,0,0,,0,0,
00183canteen,12,20,0,0,,0,0,
00183canteen,13,1,0,235,0.0,234,469,0.4989339019189765
00183canteen,13,2,0,235,0.0,233,468,0.49786324786324787
00183canteen,13,5,0,235,0.0,230,465,0.4946236559139785
00183canteen,13,10,0,235,0.0,225,460,0.4891304347826087
00183canteen,13,20,0,235,0.0,215,450,0.4777777777777778
00183canteen,14,1,0,9,0.0,9,1377,0.006535947712418301
00183canteen,14,2,0,9,0.0,9,1376,0.006540697674418605
00183canteen,14,5,0,9,0.0,9,1373,0.0065549890750182084
00183canteen,14,10,0,9,0.0,9,1368,0.006578947368421052
00183canteen,14,20,0,9,0.0,9,1358,0.0066273932253313695
00183canteen,15,1,0,696,0.0,695,1391,0.4996405463695183
00183canteen,15,2,0,696,0.0,694,1390,0.49928057553956834
00183canteen,15,5,0,696,0.0,691,1387,0.498197548666186
00183canteen,15,10,0,696,0.0,686,1382,0.4963820549927641
00183canteen,15,20,0,696,0.0,676,1372,0.49271137026239065
00183canteen,16,1,0,342,0.0,343,1355,0.25313653136531367
00183canteen,16,2,0,341,0.0,343,1354,0.2533234859675037
00183canteen,16,5,0,338,0.0,343,1351,0.2538860103626943
00183canteen,16,10,0,333,0.0,343,1346,0.25482912332838037
00183canteen,16,20,0,323,0.0,343,1336,0.25673652694610777
00183canteen,17,1,0,0,,0,0,
00183canteen,17,2,0,0,,0,0,
00183canteen,17,5,0,0,,0,0,
00183canteen,17,10,0,0,,0,0,
00183canteen,17,20,0,0,,0,0,
00183canteen,18,1,0,0,,0,0,
00183canteen,18,2,0,0,,0,0,
00183canteen,18,5,0,0,,0,0,
00183canteen,18,10,0,0,,0,0,
00183canteen,18,20,0,0,,0,0,
00183canteen,19,1,0,0,,0,0,
00183canteen,19,2,0,0,,0,0,
00183canteen,19,5,0,0,,0,0,
00183canteen,19,10,0,0,,0,0,
00183canteen,19,20,0,0,,0,0,
00183canteen,20,1,0,0,,0,0,
00183canteen,20,2,0,0,,0,0,
00183canteen,20,5,0,0,,0,0,
00183canteen,20,10,0,0,,0,0,
00183canteen,20,20,0,0,,0,0,
00183canteen,21,1,0,0,,0,0,
00183canteen,21,2,0,0,,0,0,
00183canteen,21,5,0,0,,0,0,
00183canteen,21,10,0,0,,0,0,
00183canteen,21,20,0,0,,0,0,
00183canteen,22,1,0,0,,0,0,
00183canteen,22,2,0,0,,0,0,
00183canteen,22,5,0,0,,0,0,
00183canteen,22,10,0,0,,0,0,
00183canteen,22,20,0,0,,0,0,
00183canteen,23,1,0,0,,0,0,
00183canteen,23,2,0,0,,0,0,
00183canteen,23,5,0,0,,0,0,
00183canteen,23,10,0,0,,0,0,
00183canteen,23,20,0,0,,0,0,
00183canteen,24,1,0,922,0.0,921,1843,0.49972870320130225
00183canteen,24,2,0,922,0.0,920,1842,0.499457111834962
00183canteen,24,5,0,922,0.0,917,1839,0.49864056552474173
00183canteen,24,10,0,922,0.0,912,1834,0.49727371864776443
00183canteen,24,20,0,922,0.0,902,1824,0.49451754385964913
00183canteen,25,1,0,0,,0,0,
00183canteen,25,2,0,0,,0,0,
00183canteen,25,5,0,0,,0,0,
00183canteen,25,10,0,0,,0,0,
00183canteen,25,20,0,0,,0,0,
00183canteen,26,1,0,0,,0,0,
00183canteen,26,2,0,0,,0,0,
00183canteen,26,5,0,0,,0,0,
00183canteen,26,10,0,0,,0,0,
00183canteen,26,20,0,0,,0,0,
00183canteen,27,1,0,0,,0,0,
00183canteen,27,2,0,0,,0,0,
00183canteen,27,5,0,0,,0,0,
00183canteen,27,10,0,0,,0,0,
00183canteen,27,20,0,0,,0,0,
00183canteen,28,1,0,0,,0,0,
00183canteen,28,2,0,0,,0,0,
00183canteen,28,5,0,0,,0,0,
00183canteen,28,10,0,0,,0,0,
00183canteen,28,20,0,0,,0,0,
00183canteen,29,1,0,0,,0,0,
00183canteen,29,2,0,0,,0,0,
00183canteen,29,5,0,0,,0,0,
00183canteen,29,10,0,0,,0,0,
00183canteen,29,20,0,0,,0,0,
00183canteen,30,1,0,0,,0,0,
00183canteen,30,2,0,0,,0,0,
00183canteen,30,5,0,0,,0,0,
00183canteen,30,10,0,0,,0,0,
00183canteen,30,20,0,0,,0,0,
00183canteen,31,1,0,0,,0,0,
00183canteen,31,2,0,0,,0,0,
00183canteen,31,5,0,0,,0,0,
00183canteen,31,10,0,0,,0,0,
00183canteen,31,20,0,0,,0,0,
00183canteen,32,1,0,4,0.0,4,1453,0.0027529249827942187
00183canteen,32,2,0,4,0.0,4,1452,0.0027548209366391185
00183canteen,32,5,0,4,0.0,4,1449,0.0027605244996549345
00183canteen,32,10,0,4,0.0,4,1444,0.002770083102493075
00183canteen,32,20,0,3,0.0,4,1434,0.002789400278940028
00183canteen,33,1,0,6,0.0,6,1461,0.004106776180698152
00183canteen,33,2,0,6,0.0,6,1460,0.00410958904109589
00183canteen,33,5,0,6,0.0,6,1457,0.004118050789293068
00183canteen,33,10,0,6,0.0,6,1452,0.004132231404958678
00183canteen,33,20,1,6,0.16666666666666666,6,1443,0.004158004158004158
00183canteen,34,1,0,0,,0,0,
00183canteen,34,2,0,0,,0,0,
00183canteen,34,5,0,0,,0,0,
00183canteen,34,10,0,0,,0,0,
00183canteen,34,20,0,0,,0,0,
00183canteen,35,1,0,0,,0,0,
00183canteen,35,2,0,0,,0,0,
00183canteen,35,5,0,0,,0,0,
00183canteen,35,10,0,0,,0,0,
00183canteen,35,20,0,0,,0,0,
00183canteen,36,1,0,0,,0,0,
00183canteen,36,2,0,0,,0,0,
00183canteen,36,5,0,0,,0,0,
00183canteen,36,10,0,0,,0,0,
00183canteen,36,20,0,0,,0,0,
00183canteen,37,1,0,0,,0,0,
00183canteen,37,2,0,0,,0,0,
00183canteen,37,5,0,0,,0,0,
00183canteen,37,10,0,0,,0,0,
00183canteen,37,20,0,0,,0,0,
00183canteen,38,1,0,0,,0,0,
00183canteen,38,2,0,0,,0,0,
00183canteen,38,5,0,0,,0,0,
00183canteen,38,10,0,0,,0,0,
00183canteen,38,20,0,0,,0,0,
00183canteen,39,1,0,543,0.0,543,1086,0.5
00183canteen,39,2,0,543,0.0,543,1086,0.5
00183canteen,39,5,0,541,0.0,542,1083,0.5004616805170822
00183canteen,39,10,0,538,0.0,543,1081,0.5023126734505088
00183canteen,39,20,0,529,0.0,543,1072,0.5065298507462687
00183canteen,40,1,0,883,0.0,885,1768,0.5005656108597285
00183canteen,40,2,0,882,0.0,886,1768,0.501131221719457
00183canteen,40,5,0,879,0.0,889,1768,0.5028280542986425
00183canteen,40,10,0,874,0.0,894,1768,0.505656108597285
00183canteen,40,20,0,864,0.0,904,1768,0.5113122171945701
00183canteen,41,1,0,0,,0,0,
00183canteen,41,2,0,0,,0,0,
00183canteen,41,5,0,0,,0,0,
00183canteen,41,10,0,0,,0,0,
00183canteen,41,20,0,0,,0,0,
00183canteen,42,1,0,0,,0,0,
00183canteen,42,2,0,0,,0,0,
00183canteen,42,5,0,0,,0,0,
00183canteen,42,10,0,0,,0,0,
00183canteen,42,20,0,0,,0,0,
00183canteen,43,1,0,0,,0,1055,0.0
00183canteen,43,2,0,0,,0,1054,0.0
00183canteen,43,5,0,0,,0,1051,0.0
00183canteen,43,10,0,0,,0,1046,0.0
00183canteen,43,20,0,0,,0,1036,0.0
00183canteen,44,1,0,0,,0,1015,0.0
00183canteen,44,2,0,0,,0,1014,0.0
00183canteen,44,5,0,0,,0,1011,0.0
00183canteen,44,10,0,0,,0,1006,0.0
00183canteen,44,20,0,0,,0,996,0.0
00183canteen,45,1,0,0,,0,0,
00183canteen,45,2,0,0,,0,0,
00183canteen,45,5,0,0,,0,0,
00183canteen,45,10,0,0,,0,0,
00183canteen,45,20,0,0,,0,0,
00183canteen,46,1,0,0,,0,0,
00183canteen,46,2,0,0,,0,0,
00183canteen,46,5,0,0,,0,0,
00183canteen,46,10,0,0,,0,0,
00183canteen,46,20,0,0,,0,0,
00183canteen,47,1,0,0,,0,0,
00183canteen,47,2,0,0,,0,0,
00183canteen,47,5,0,0,,0,0,
00183canteen,47,10,0,0,,0,0,
00183canteen,47,20,0,0,,0,0,
00183canteen,48,1,0,0,,0,0,
00183canteen,48,2,0,0,,0,0,
00183canteen,48,5,0,0,,0,0,
00183canteen,48,10,0,0,,0,0,
00183canteen,48,20,0,0,,0,0,
00183canteen,50,1,0,0,,0,0,
00183canteen,50,2,0,0,,0,0,
00183canteen,50,5,0,0,,0,0,
00183canteen,50,10,0,0,,0,0,
00183canteen,50,20,0,0,,0,0,
00183canteen,51,1,0,0,,0,0,
00183canteen,51,2,0,0,,0,0,
00183canteen,51,5,0,0,,0,0,
00183canteen,51,10,0,0,,0,0,
00183canteen,51,20,0,0,,0,0,
