feature,stratum,n_queries,R@1,R@5,mAP,quality_threshold_low,quality_threshold_high,protocol
appearance_feature,all,26,0.8846153846153846,1.0,0.935897435897436,0.0014795530440886487,0.02202625520662148,gt_aligned
appearance_feature,Q1,0,,,,0.0014795530440886487,0.02202625520662148,gt_aligned
appearance_feature,Q4,13,0.9230769230769231,1.0,0.9615384615384616,0.0014795530440886487,0.02202625520662148,gt_aligned
fused_feature,all,26,0.8846153846153846,1.0,0.935897435897436,0.0014795530440886487,0.02202625520662148,gt_aligned
fused_feature,Q1,0,,,,0.0014795530440886487,0.02202625520662148,gt_aligned
fused_feature,Q4,13,0.9230769230769231,1.0,0.9615384615384616,0.0014795530440886487,0.02202625520662148,gt_aligned
appearance_feature,all,27,0.8888888888888888,1.0,0.9382716049382717,0.0015332898016813463,0.022047946353570567,pred_track
appearance_feature,Q1,0,,,,0.0015332898016813463,0.022047946353570567,pred_track
appearance_feature,Q4,13,0.9230769230769231,1.0,0.9615384615384616,0.0015332898016813463,0.022047946353570567,pred_track
fused_feature,all,27,0.8888888888888888,1.0,0.9382716049382717,0.0015332898016813463,0.022047946353570567,pred_track
fused_feature,Q1,0,,,,0.0015332898016813463,0.022047946353570567,pred_track
fused_feature,Q4,13,0.9230769230769231,1.0,0.9615384615384616,0.0015332898016813463,0.022047946353570567,pred_track
